ID,Species_specific,Species,Sex,Eclosed,Released,Max_age,Last.sighted,Death,Notes
Eu1,Eueides isabella,E_isabella,F,2022-02-25,2022-02-26,21,2022-03-18,,
Eu2,Eueides isabella,E_isabella,F,2022-02-26,2022-02-26,,#N/A,,
Eu3,Eueides isabella,E_isabella,M,2022-02-28,2022-02-28,,#N/A,,
Eu4,Eueides isabella,E_isabella,M,2022-03-01,2022-03-01,,#N/A,,
E1,Erato demophoon,H_erato,M,2022-03-02,2022-03-02,,#N/A,,labelled A1
E2,Erato demophoon,H_erato,M,2022-03-02,2022-03-02,,#N/A,,labelled A2
Eu5,Eueides isabella,E_isabella,M,2022-03-02,2022-03-02,50,2022-04-21,,
Eu6,Eueides isabella,E_isabella,F,2022-03-03,2022-03-03,,#N/A,,
Eu7,Eueides isabella,E_isabella,M,2022-03-03,2022-03-03,,#N/A,,
Eu8,Eueides isabella,E_isabella,M,2022-03-03,2022-03-03,,#N/A,,
Eu9,Eueides isabella,E_isabella,F,2022-03-04,2022-03-04,,#N/A,,
Eu10,Eueides isabella,E_isabella,F,2022-03-07,2022-03-07,,#N/A,,
Eu11,Eueides isabella,E_isabella,M,2022-03-07,2022-03-07,,#N/A,,
Eu12,Eueides isabella,E_isabella,F,2022-03-07,2022-03-07,,#N/A,,
Eu13,Eueides isabella,E_isabella,F,2022-03-07,2022-03-07,,#N/A,,
Eu14,Eueides isabella,E_isabella,F,2022-03-07,2022-03-07,,#N/A,,
Eu15,Eueides isabella,E_isabella,F,2022-03-07,2022-03-07,,#N/A,,
Eu16,Eueides isabella,E_isabella,M,2022-03-07,2022-03-07,,#N/A,,
R2,Melpomene rosina,H_melpomene,M,2022-03-08,2022-03-09,50,2022-04-27,,
R1,Melpomene rosina,H_melpomene,M,2022-03-09,2022-03-09,79,2022-05-27,,
Di1,Dione juno,D_juno,M,2022-03-10,2022-03-10,,#N/A,,
Di2,Dione juno,D_juno,F,2022-03-10,2022-03-10,,#N/A,,
Di3,Dione juno,D_juno,M,2022-03-10,2022-03-10,,#N/A,,
Di4,Dione juno,D_juno,F,2022-03-10,2022-03-10,,#N/A,,
Di10,Dione juno,D_juno,M,2022-03-11,2022-03-11,,#N/A,,
Di11,Dione juno,D_juno,F,2022-03-11,2022-03-11,,#N/A,,
Di12,Dione juno,D_juno,F,2022-03-11,2022-03-11,,#N/A,,
Di13,Dione juno,D_juno,F,2022-03-11,2022-03-11,,#N/A,,
Di14,Dione juno,D_juno,F,2022-03-11,2022-03-11,,#N/A,,
Di15,Dione juno,D_juno,M,2022-03-11,2022-03-11,,#N/A,,
Di16,Dione juno,D_juno,M,2022-03-11,2022-03-11,,#N/A,,
Di5,Dione juno,D_juno,M,2022-03-11,2022-03-11,,#N/A,,
Di6,Dione juno,D_juno,M,2022-03-11,2022-03-11,,#N/A,,
Di7,Dione juno,D_juno,F,2022-03-11,2022-03-11,,#N/A,,
Di8,Dione juno,D_juno,F,2022-03-11,2022-03-11,,#N/A,,
Di9,Dione juno,D_juno,M,2022-03-11,2022-03-11,,#N/A,,
Eu17,Eueides isabella,E_isabella,F,2022-03-11,2022-03-11,3,#N/A,2022-03-14,
R3,Melpomene rosina,H_melpomene,M,2022-03-11,2022-03-11,,#N/A,,
Di17,Dione juno,D_juno,F,2022-03-13,2022-03-11,,#N/A,,
Di18,Dione juno,D_juno,F,2022-03-13,2022-03-11,,#N/A,,
Di19,Dione juno,D_juno,F,2022-03-13,2022-03-11,2,2022-03-15,,
Di20,Dione juno,D_juno,F,2022-03-13,2022-03-11,4,2022-03-17,,
Di21,Dione juno,D_juno,M,2022-03-13,2022-03-11,1,2022-03-14,,
Di22,Dione juno,D_juno,F,2022-03-16,2022-03-17,,#N/A,,
Di23,Dione juno,D_juno,M,2022-03-16,2022-03-17,,#N/A,,
Di24,Dione juno,D_juno,M,2022-03-16,2022-03-17,5,2022-03-21,,
Di25,Dione juno,D_juno,F,2022-03-16,2022-03-17,2,2022-03-18,,
Di26,Dione juno,D_juno,F,2022-03-16,2022-03-17,,#N/A,,
Di27,Dione juno,D_juno,M,2022-03-16,2022-03-17,,#N/A,,
Do1,Doris,H_doris,F,2022-03-17,2022-03-17,,#N/A,,Panama
Di28,Dione juno,D_juno,F,2022-03-18,2022-03-18,,#N/A,,Ecuador
Do10,Doris,H_doris,M,2022-03-18,2022-03-18,,#N/A,,Ecuador
Do11,Doris,H_doris,F,2022-03-18,2022-03-18,3,2022-03-21,,Ecuador
Do12,Doris,H_doris,F,2022-03-18,2022-03-18,8,2022-03-26,,Ecuador
Do13,Doris,H_doris,F,2022-03-18,2022-03-18,,#N/A,,Ecuador
Do14,Doris,H_doris,F,2022-03-18,2022-03-18,11,2022-03-29,,Ecuador
Do15,Doris,H_doris,F,2022-03-18,2022-03-18,5,2022-03-23,,Ecuador
Do16,Doris,H_doris,M,2022-03-18,2022-03-18,8,2022-03-26,,Ecuador
Do17,Doris,H_doris,M,2022-03-18,2022-03-18,7,2022-03-25,,Ecuador
Do18,Doris,H_doris,F,2022-03-18,2022-03-18,26,2022-04-13,,Ecuador
Do19,Doris,H_doris,F,2022-03-18,2022-03-18,26,2022-04-13,,Ecuador
Do2,Doris,H_doris,F,2022-03-18,2022-03-18,27,2022-04-14,,Ecuador
Do20,Doris,H_doris,F,2022-03-18,2022-03-18,12,2022-03-30,,Ecuador
Do21,Doris,H_doris,F,2022-03-18,2022-03-18,25,2022-04-12,,Ecuador
Do22,Doris,H_doris,F,2022-03-18,2022-03-18,14,2022-04-01,,Ecuador
Do23,Doris,H_doris,M,2022-03-18,2022-03-18,7,2022-03-25,,Ecuador
Do24,Doris,H_doris,M,2022-03-18,2022-03-18,27,2022-04-14,,Ecuador
Do25,Doris,H_doris,F,2022-03-18,2022-03-18,21,2022-04-08,,Ecuador
Do26,Doris,H_doris,M,2022-03-18,2022-03-18,7,2022-03-25,,Ecuador
Do27,Doris,H_doris,M,2022-03-18,2022-03-18,,#N/A,,Ecuador
Do28,Doris,H_doris,M,2022-03-18,2022-03-18,,#N/A,,Ecuador
Do29,Doris,H_doris,M,2022-03-18,2022-03-18,7,2022-03-25,,Ecuador
Do3,Doris,H_doris,F,2022-03-18,2022-03-18,21,2022-04-08,,Ecuador
Do30,Doris,H_doris,M,2022-03-18,2022-03-18,,#N/A,,Ecuador
Do4,Doris,H_doris,M,2022-03-18,2022-03-18,25,2022-04-12,,Ecuador
Do5,Doris,H_doris,F,2022-03-18,2022-03-18,26,2022-04-13,,Ecuador
Do6,Doris,H_doris,F,2022-03-18,2022-03-18,24,2022-04-11,,Ecuador
Do7,Doris,H_doris,F,2022-03-18,2022-03-18,26,2022-04-13,,Ecuador
Do8,Doris,H_doris,F,2022-03-18,2022-03-18,,#N/A,,Ecuador
Do9,Doris,H_doris,M,2022-03-18,2022-03-18,35,2022-04-22,,Ecuador
Di29,Dione juno,D_juno,F,2022-03-19,2022-03-19,,#N/A,,
Di30,Dione juno,D_juno,F,2022-03-19,2022-03-19,,#N/A,,
Di31,Dione juno,D_juno,F,2022-03-19,2022-03-19,2,2022-03-21,,
Di32,Dione juno,D_juno,F,2022-03-19,2022-03-19,2,2022-03-21,,
Di33,Dione juno,D_juno,M,2022-03-19,2022-03-19,7,2022-03-26,,
Di34,Dione juno,D_juno,F,2022-03-19,2022-03-19,,#N/A,,
Di35,Dione juno,D_juno,M,2022-03-19,2022-03-19,11,2022-03-30,,
Di36,Dione juno,D_juno,M,2022-03-20,2022-03-20,,#N/A,,
Di37,Dione juno,D_juno,F,2022-03-20,2022-03-20,,#N/A,,
Di38,Dione juno,D_juno,M,2022-03-20,2022-03-20,,#N/A,,
Di39,Dione juno,D_juno,M,2022-03-20,2022-03-20,,#N/A,,
Di40,Dione juno,D_juno,M,2022-03-20,2022-03-20,,#N/A,,
Di41,Dione juno,D_juno,M,2022-03-20,2022-03-20,,#N/A,,
Do31,Doris,H_doris,M,2022-03-20,2022-03-20,22,2022-04-11,,Panama
Di42,Dione juno,D_juno,M,2022-03-21,2022-03-21,,#N/A,,
Di43,Dione juno,D_juno,M,2022-03-21,2022-03-21,,#N/A,,
Di44,Dione juno,D_juno,M,2022-03-21,2022-03-21,,#N/A,,
D46,Dryas,D_iulia,M,2022-03-07,2022-03-23,,#N/A,,cognitive
D47,Dryas,D_iulia,M,2022-03-09,2022-03-23,16,2022-03-25,,cognitive
Eu18,Eueides isabella,E_isabella,M,2022-03-24,2022-03-24,2,2022-03-26,,
Cyd1,Cydno chioneus,H_cydno,M,2022-03-24,2022-03-24,55,2022-05-18,,
Cyd2,Cydno chioneus,H_cydno,F,2022-03-24,,5,2022-03-29,,
Cyd3,Cydno chioneus,H_cydno,M,2022-03-24,2022-03-24,8,2022-04-01,,
Cyr1,Erato cyrbia,H_erato,M,2022-03-24,2022-03-24,18,2022-04-11,,
Di45,Dione juno,D_juno,M,2022-03-24,2022-03-24,,#N/A,,crumpled wing
D49,Dryas,D_iulia,M,2022-03-13,2022-03-24,,#N/A,,cognitive
D50,Dryas,D_iulia,M,2022-03-13,2022-03-24,23,2022-04-05,,cognitive
D48,Dryas,D_iulia,F,2022-03-09,2022-03-25,,#N/A,,cognitive
Ec1,Melpomene ecuadorensis,H_melpomene,M,2022-03-26,2022-03-26,101,2022-07-05,,
Ec2,Melpomene ecuadorensis,H_melpomene,F,2022-03-26,2022-03-26,23,2022-04-18,,
R4,Melpomene rosina,H_melpomene,F,2022-03-26,2022-03-26,,#N/A,,
Sap1,Sapho sapho,H_sapho,F,2022-03-25,2022-03-25,39,2022-05-03,,
Pac1,Pachinus,H_pachinus,M,2022-03-27,2022-03-27,10,2022-04-06,,
Eu19,Eueides isabella,E_isabella,F,2022-03-29,2022-03-29,1,2022-03-30,,
Cyd4,Cydno chioneus,H_cydno,M,2022-03-31,2022-03-31,35,2022-05-05,,
Pac2,Pachinus,H_pachinus,M,2022-03-31,2022-03-31,49,2022-05-19,,
Ec3,Melpomene ecuadorensis,H_melpomene,M,2022-03-31,2022-03-31,53,2022-05-23,,
D53,Dryas,D_iulia,M,2022-03-15,2022-03-31,,#N/A,,
Sap2,Sapho sapho,H_sapho,M,2022-04-01,2022-04-01,,#N/A,,
At1,Atthis,H_atthis,M,2022-04-01,2022-04-01,46,2022-05-17,,
Lat1,Erato lattivita,H_erato,M,2022-04-02,2022-04-02,,#N/A,,
Zu1,Hecale zuleika,H_hecale,M,2022-04-02,2022-04-02,59,2022-05-31,,
Zu2,Hecale zuleika,H_hecale,M,2022-04-04,2022-04-04,78,2022-06-21,,
Zu3,Hecale zuleika,H_hecale,M,2022-04-04,2022-04-04,22,2022-04-26,,
Sar1,Sara,H_sara,F,2022-04-04,2022-04-04,74,2022-06-17,,
Sar2,Sara,H_sara,F,2022-04-04,2022-04-04,86,2022-06-29,,
Sar3,Sara,H_sara,M,2022-04-04,2022-04-04,31,2022-05-05,,
Sap3,Sapho sapho,H_sapho,M,2022-04-06,2022-04-06,27,2022-05-03,,
Sap4,Sapho sapho,H_sapho,F,2022-04-06,2022-04-06,29,2022-05-05,,
Sap5,Sapho sapho,H_sapho,M,2022-04-06,2022-04-06,55,2022-05-31,,
Hew1,Hewitsoni,H_hewitsoni,M,2022-04-06,2022-04-06,41,2022-05-17,,
R5,Melpomene rosina,H_melpomene,M,2022-04-06,2022-04-06,92,2022-07-07,,
Sap6,Sapho sapho,H_sapho,M,2022-04-07,2022-04-07,95,2022-07-11,,
Hew2,Hewitsoni,H_hewitsoni,M,2022-04-07,2022-04-07,,#N/A,,
R6,Melpomene rosina,H_melpomene,M,2022-04-07,2022-03-07,47,2022-05-24,,
R7,Melpomene rosina,H_melpomene,M,2022-04-08,2022-04-08,25,2022-05-03,,
R8,Melpomene rosina,H_melpomene,M,2022-04-08,2022-04-08,61,2022-06-08,,
R9,Melpomene rosina,H_melpomene,M,2022-04-08,2022-04-08,,#N/A,,
Sap7,Sapho sapho,H_sapho,M,2022-04-08,2022-04-08,25,2022-05-03,,
Sap8,Sapho sapho,H_sapho,F,2022-04-08,2022-04-08,67,2022-06-14,,
Sap9,Sapho sapho,H_sapho,M,2022-04-09,2022-04-09,73,2022-06-21,,
Sap10,Sapho sapho,H_sapho,M,2022-04-09,2022-04-09,67,2022-06-15,,
Sap11,Sapho sapho,H_sapho,F,2022-04-09,2022-04-09,60,2022-06-08,,
Sap12,Sapho sapho,H_sapho,F,2022-04-09,2022-04-09,61,2022-06-09,,
Sap13,Sapho sapho,H_sapho,M,2022-04-09,2022-04-09,129,2022-08-16,,
Sap14,Sapho sapho,H_sapho,F,2022-04-09,2022-04-09,143,2022-08-30,,
Sap15,Sapho sapho,H_sapho,M,2022-04-09,2022-04-09,129,2022-08-16,,
Sap16,Sapho sapho,H_sapho,M,2022-04-09,2022-04-09,52,2022-05-31,,
Sap17,Sapho sapho,H_sapho,M,2022-04-09,2022-04-09,67,2022-06-15,,
Sap18,Sapho sapho,H_sapho,M,2022-04-09,2022-04-09,52,2022-05-31,,
Sap19,Sapho sapho,H_sapho,M,2022-04-09,2022-04-09,26,2022-05-05,,
Sap20,Sapho sapho,H_sapho,F,2022-04-09,2022-04-09,12,2022-04-21,,
Sap21,Sapho sapho,H_sapho,M,2022-04-09,2022-04-09,67,2022-06-15,,
Sap22,Sapho sapho,H_sapho,M,2022-04-09,2022-04-09,68,2022-06-16,,
Sap23,Sapho sapho,H_sapho,M,2022-04-09,2022-04-09,67,2022-06-15,,
Sap24,Sapho sapho,H_sapho,F,2022-04-09,2022-04-09,3,2022-04-12,,
Sap25,Sapho sapho,H_sapho,F,2022-04-09,2022-04-09,12,2022-04-21,,
Sap26,Sapho sapho,H_sapho,M,2022-04-09,2022-04-09,60,2022-06-08,,
Sap27,Sapho sapho,H_sapho,M,2022-04-09,2022-04-09,96,2022-07-14,,
R10,Melpomene rosina,H_melpomene,M,2022-04-09,2022-04-09,,#N/A,,
R11,Melpomene rosina,H_melpomene,M,2022-04-09,2022-04-09,52,2022-05-31,,
R12,Melpomene rosina,H_melpomene,M,2022-04-09,2022-04-09,73,2022-06-21,,
E20,Erato demophoon,H_erato,M,2022-04-10,2022-04-10,86,2022-07-05,,
E21,Erato demophoon,H_erato,M,2022-04-10,2022-04-10,59,2022-06-08,,
Sar21,Sara,H_sara,M,2022-04-11,2022-04-11,11,2022-04-22,,
Sar22,Sara,H_sara,F,2022-04-11,2022-04-11,36,2022-05-17,,
Sar23,Sara,H_sara,M,2022-04-11,2022-04-11,14,2022-04-25,,
Sar24,Sara,H_sara,F,2022-04-11,2022-04-11,,#N/A,,
Sar25,Sara,H_sara,M,2022-04-11,2022-04-11,24,2022-05-05,,
Sar26,Sara,H_sara,F,2022-04-11,2022-04-11,18,2022-04-29,,
Sar27,Sara,H_sara,M,2022-04-11,2022-04-11,22,2022-05-03,,
Sar28,Sara,H_sara,M,2022-04-11,2022-04-11,22,2022-05-03,,
Sar29,Sara,H_sara,M,2022-04-11,2022-04-11,1,2022-04-12,,
Sar30,Sara,H_sara,F,2022-04-11,2022-04-11,3,2022-04-14,,
Sar31,Sara,H_sara,F,2022-04-11,2022-04-11,,#N/A,,
Sar32,Sara,H_sara,F,2022-04-11,2022-04-11,25,2022-05-06,,
Sar33,Sara,H_sara,M,2022-04-11,2022-04-11,1,2022-04-12,,
Sar34,Sara,H_sara,M,2022-04-11,2022-04-11,,#N/A,,
Sar35,Sara,H_sara,M,2022-04-11,2022-04-11,,#N/A,,
Sar36,Sara,H_sara,F,2022-04-11,2022-04-11,38,2022-05-19,,
Sar37,Sara,H_sara,F,2022-04-11,2022-04-11,18,2022-04-29,,
Sar38,Sara,H_sara,F,2022-04-11,2022-04-11,24,2022-05-05,,
Sar39,Sara,H_sara,F,2022-04-11,2022-04-11,,#N/A,,
Sar40,Sara,H_sara,M,2022-04-11,2022-04-11,15,2022-04-26,,
Sar41,Sara,H_sara,M,2022-04-11,2022-04-11,9,2022-04-20,,
Sar42,Sara,H_sara,M,2022-04-11,2022-04-11,25,2022-05-06,,
Sar43,Sara,H_sara,M,2022-04-11,2022-04-11,7,2022-04-18,,
Sar44,Sara,H_sara,M,2022-04-11,2022-04-11,25,2022-05-06,,
Sar45,Sara,H_sara,F,2022-04-11,2022-04-11,,#N/A,,
R13,Melpomene rosina,H_melpomene,M,2022-04-11,2022-04-11,79,2022-06-29,,"labelled 2x rosina males 13, re label one if found"
R14,Melpomene rosina,H_melpomene,M,2022-04-11,2022-04-11,81,2022-07-01,,
R15,Melpomene rosina,H_melpomene,M,2022-04-11,2022-04-11,94,2022-07-14,,
Eu20,Eueides isabella,E_isabella,M,2022-04-11,2022-04-11,,#N/A,,
Hew3,Hewitsoni,H_hewitsoni,M,2022-04-11,2022-04-11,9,2022-04-20,,
Pac3,Pachinus,H_pachinus,M,2022-04-12,2022-04-12,58,2022-06-09,,
Ch1,Charitonia,H_charitonia,M,2022-04-12,2022-04-12,22,2022-05-04,,
R19,Melpomene rosina,H_melpomene,M,2022-04-12,2022-04-12,34,2022-05-16,,
R17,Melpomene rosina,H_melpomene,M,2022-04-13,2022-04-13,37,2022-05-20,,
R20,Melpomene rosina,H_melpomene,M,2022-04-13,2022-04-13,56,2022-06-08,,
R21,Melpomene rosina,H_melpomene,M,2022-04-13,2022-04-13,15,2022-04-28,,
R22,Melpomene rosina,H_melpomene,M,2022-04-13,2022-04-13,37,2022-05-20,,
Sar4,Sara,H_sara,M,2022-04-13,2022-04-13,1,2022-04-14,,
Sar5,Sara,H_sara,M,2022-04-13,2022-04-13,43,2022-05-26,,
Sar6,Sara,H_sara,M,2022-04-13,2022-04-13,13,2022-04-26,,
Sar7,Sara,H_sara,M,2022-04-13,2022-04-13,,#N/A,,
Sar8,Sara,H_sara,M,2022-04-13,2022-04-13,1,2022-04-14,,
Sar9,Sara,H_sara,F,2022-04-13,2022-04-13,,#N/A,,
Eu21,Eueides isabella,E_isabella,F,2022-04-14,2022-04-14,4,2022-04-18,,
Eu22,Eueides isabella,E_isabella,M,2022-04-14,2022-04-14,,#N/A,,
At2,Atthis,H_atthis,M,2022-04-14,2022-04-14,,#N/A,,
Eu23,Eueides isabella,E_isabella,F,2022-04-15,2022-04-16,,#N/A,,
Eu24,Eueides isabella,E_isabella,F,2022-04-15,2022-04-16,6,2022-04-21,,
At3,Atthis,H_atthis,F,2022-04-15,2022-04-16,33,2022-05-18,,
R23,Melpomene rosina,H_melpomene,F,2022-04-15,2022-04-16,70,2022-06-24,,
R24,Melpomene rosina,H_melpomene,F,2022-04-15,2022-04-16,76,2022-06-30,,
R25,Melpomene rosina,H_melpomene,M,2022-04-16,2022-04-16,54,2022-06-09,,
R26,Melpomene rosina,H_melpomene,M,2022-04-16,2022-04-16,62,2022-06-17,,
R27,Melpomene rosina,H_melpomene,F,2022-04-17,2022-04-17,80,2022-07-06,,
R28,Melpomene rosina,H_melpomene,F,2022-04-17,2022-04-17,102,2022-07-28,,
R29,Melpomene rosina,H_melpomene,F,2022-04-17,2022-04-17,31,2022-05-18,,weird wings
R30,Melpomene rosina,H_melpomene,F,2022-04-17,2022-04-17,44,2022-05-31,,
R31,Melpomene rosina,H_melpomene,F,2022-04-17,2022-04-17,12,2022-04-29,,
R32,Melpomene rosina,H_melpomene,F,2022-04-17,2022-04-17,44,2022-05-31,,
R33,Melpomene rosina,H_melpomene,F,2022-04-17,2022-04-17,88,2022-07-14,,
R34,Melpomene rosina,H_melpomene,F,2022-04-17,2022-04-17,18,2022-05-05,,
R35,Melpomene rosina,H_melpomene,F,2022-04-17,2022-04-17,79,2022-07-05,,
At4,Atthis,H_atthis,M,2022-04-17,2022-04-17,44,2022-05-31,,
At5,Atthis,H_atthis,F,2022-04-17,2022-04-17,,#N/A,,
At6,Atthis,H_atthis,M,2022-04-17,2022-04-17,12,2022-04-29,,
At7,Atthis,H_atthis,F,2022-04-17,2022-04-17,,#N/A,,
At8,Atthis,H_atthis,M,2022-04-17,2022-04-17,31,2022-05-18,,
Pac4,Pachinus,H_pachinus,M,2022-04-17,2022-04-17,39,2022-05-26,,
Ec4,Melpomene ecuadorensis,H_melpomene,F,2022-04-17,2022-04-17,12,2022-04-29,,
Ec5,Melpomene ecuadorensis,H_melpomene,F,2022-04-17,2022-04-17,40,2022-05-27,,
Sar10,Sara,H_sara,M,2022-04-17,2022-04-18,,#N/A,,Ecuador
Sar11,Sara,H_sara,M,2022-04-17,2022-04-18,39,2022-05-26,,Ecuador
Sar12,Sara,H_sara,M,2022-04-17,2022-04-18,44,2022-05-31,,Ecuador
Sar13,Sara,H_sara,F,2022-04-17,2022-04-18,37,2022-05-24,,Ecuador
Sar14,Sara,H_sara,F,2022-04-17,2022-04-18,1,2022-04-18,,Ecuador
Sar15,Sara,H_sara,F,2022-04-17,2022-04-18,1,2022-04-18,,Ecuador
Sar16,Sara,H_sara,F,2022-04-17,2022-04-18,,#N/A,,Ecuador
Sar17,Sara,H_sara,M,2022-04-17,2022-04-18,60,2022-06-16,,Ecuador
Sar18,Sara,H_sara,M,2022-04-17,2022-04-18,60,2022-06-16,,Ecuador
Sar19,Sara,H_sara,F,2022-04-17,2022-04-18,75,2022-07-01,,Ecuador
Sar20,Sara,H_sara,M,2022-04-17,2022-04-18,,#N/A,,Ecuador
Sar46,Sara,H_sara,F,2022-04-17,2022-04-18,,#N/A,,Ecuador
Sar47,Sara,H_sara,M,2022-04-17,2022-04-18,39,2022-05-26,,Ecuador
Sar48,Sara,H_sara,F,2022-04-17,2022-04-18,1,2022-04-18,,Ecuador
Sar49,Sara,H_sara,M,2022-04-17,2022-04-18,29,2022-05-16,,Ecuador
Sar50,Sara,H_sara,M,2022-04-17,2022-04-18,97,2022-07-23,,Ecuador
Sar51,Sara,H_sara,F,2022-04-17,2022-04-18,10,2022-04-27,,Ecuador
Sar52,Sara,H_sara,M,2022-04-17,2022-04-18,68,2022-06-24,,Ecuador
Sar53,Sara,H_sara,M,2022-04-17,2022-04-18,68,2022-06-24,,Ecuador
Sar54,Sara,H_sara,F,2022-04-17,2022-04-18,,#N/A,,Ecuador
Sar55,Sara,H_sara,F,2022-04-17,2022-04-18,,#N/A,,Ecuador
Sar56,Sara,H_sara,M,2022-04-17,2022-04-18,59,2022-06-15,,Ecuador
Sar57,Sara,H_sara,F,2022-04-17,2022-04-18,52,2022-06-08,,Ecuador
Sar58,Sara,H_sara,F,2022-04-17,2022-04-18,,#N/A,,Ecuador
Sar59,Sara,H_sara,F,2022-04-17,2022-04-18,1,2022-04-18,,Ecuador
Sar60,Sara,H_sara,M,2022-04-17,2022-04-18,80,2022-07-06,,Ecuador
Sar61,Sara,H_sara,M,2022-04-17,2022-04-18,5,2022-04-22,,Ecuador
Sar62,Sara,H_sara,F,2022-04-17,2022-04-18,5,2022-04-22,,Ecuador
Sar63,Sara,H_sara,M,2022-04-17,2022-04-18,39,2022-05-26,,Ecuador
Sar64,Sara free,H_sara,M,2022-04-17,2022-04-18,30,2022-05-17,,Ecuador
Sar65,Sara,H_sara,F,2022-04-17,2022-04-18,,#N/A,,Ecuador
Sar66,Sara,H_sara,M,2022-04-17,2022-04-18,107,2022-08-02,,Ecuador
Sar67,Sara,H_sara,F,2022-04-17,2022-04-18,,#N/A,,Ecuador
Sar68,Sara,H_sara,F,2022-04-17,2022-04-18,,#N/A,,Ecuador
Sar69,Sara,H_sara,F,2022-04-17,2022-04-18,,#N/A,,Ecuador
R38,Melpomene rosina,H_melpomene,F,2022-04-18,2022-04-18,67,2022-06-24,,
R39,Melpomene rosina,H_melpomene,F,2022-04-18,2022-04-18,58,2022-06-15,,
Ec8,Melpomene ecuadorensis,H_melpomene,F,2022-04-18,2022-04-18,,#N/A,,
Ec9,Melpomene ecuadorensis,H_melpomene,M,2022-04-18,2022-04-18,36,2022-05-24,,
Ple1,Melpomene plesseni,H_melpomene,M,2022-04-18,2022-04-18,15,2022-05-03,,impure (Ecuador pupa)
At9,Atthis,H_atthis,M,2022-04-18,2022-04-18,,#N/A,,
At10,Atthis,H_atthis,M,2022-04-18,2022-04-18,,#N/A,,
At11,Atthis,H_atthis,M,2022-04-18,2022-04-18,,#N/A,,
At12,Atthis,H_atthis,M,2022-04-18,2022-04-18,31,2022-05-19,,
E5,Erato demophoon,H_erato,F,2022-03-13,2022-04-18,,#N/A,,originally in PF longevity cage
E12,Erato demophoon,H_erato,F,2022-03-28,2022-04-18,52,2022-05-19,,originally in PF longevity cage
E22,Erato demophoon,H_erato,M,2022-04-11,2022-04-18,79,2022-06-29,,originally in PF longevity cage
E23,Erato demophoon,H_erato,M,2022-04-11,2022-04-18,85,2022-07-05,,originally in PF longevity cage
E24,Erato demophoon,H_erato,M,2022-04-11,2022-04-18,81,2022-07-01,,originally in PF longevity cage
E25,Erato demophoon,H_erato,M,2022-04-11,2022-04-18,58,2022-06-08,,originally in PF longevity cage
E13,Erato demophoon,H_erato,F,2022-03-29,2022-04-18,,#N/A,,originally in PF longevity cage
E6,Erato demophoon,H_erato,F,2022-03-17,2022-04-18,,#N/A,,originally in PF longevity cage
E7,Erato demophoon,H_erato,M,2022-03-18,2022-04-18,,#N/A,,originally in PF longevity cage
E14,Erato demophoon,H_erato,M,2022-04-01,2022-04-18,55,2022-05-26,,originally in PF longevity cage
E15,Erato demophoon,H_erato,M,2022-04-02,2022-04-18,67,2022-06-08,,originally in PF longevity cage
E16,Erato demophoon,H_erato,M,2022-04-02,2022-04-18,25,2022-04-27,,originally in PF longevity cage
E18,Erato demophoon,H_erato,M,2022-04-06,2022-04-18,,#N/A,,originally in PF longevity cage
E11,Erato demophoon,H_erato,M,2022-03-25,2022-04-18,60,2022-05-24,,originally in PF longevity cage
E17,Erato demophoon,H_erato,F,2022-04-07,2022-04-18,53,2022-05-30,,originally in PF longevity cage
Pac5,Pachinus,H_pachinus,M,2022-04-19,2022-04-19,,#N/A,,
Pac6,Pachinus,H_pachinus,M,2022-04-19,2022-04-19,,#N/A,,weird wing
Nu1,Numata,H_numata,M,2022-04-19,2022-04-19,,#N/A,,
Nu2,Numata,H_numata,M,2022-04-19,2022-04-19,29,2022-05-18,,
At13,Atthis,H_atthis,F,2022-04-19,2022-04-19,3,2022-04-22,,
At14,Atthis,H_atthis,F,2022-04-19,2022-04-19,14,2022-05-03,,
Zu4,Hecale zuleika,H_hecale,M,2022-04-19,2022-04-19,15,2022-05-04,,
MHy1,Melpomene hybrid,H_melpomene,F,2022-04-19,2022-04-19,8,2022-04-27,,"Hybrid - plesseni + ecuadorensis, labelled with H"
MHy2,Melpomene hybrid,H_melpomene,F,2022-04-19,2022-04-19,17,2022-05-06,,"Hybrid - plesseni + ecuadorensis, labelled with H"
MHy3,Melpomene hybrid,H_melpomene,M,2022-04-19,2022-04-19,,#N/A,,"Hybrid - plesseni + ecuadorensis, labelled with H"
MHy4,Melpomene hybrid,H_melpomene,F,2022-04-19,2022-04-19,28,2022-05-17,,"Hybrid - plesseni + ecuadorensis, labelled with H"
MHy5,Melpomene hybrid,H_melpomene,F,2022-04-19,2022-04-19,,#N/A,,"Hybrid - plesseni + ecuadorensis, labelled with H"
MHy6,Melpomene hybrid,H_melpomene,M,2022-04-19,2022-04-19,,#N/A,,"Hybrid - plesseni + ecuadorensis, labelled with H"
MHy7,Melpomene hybrid,H_melpomene,F,2022-04-19,2022-04-19,50,2022-06-08,,"Hybrid - plesseni + ecuadorensis, labelled with H"
MHy8,Melpomene hybrid,H_melpomene,M,2022-04-19,2022-04-19,17,2022-05-06,,"Hybrid - plesseni + ecuadorensis, labelled with H"
MHy9,Melpomene hybrid,H_melpomene,M,2022-04-19,2022-04-19,,#N/A,,"Hybrid - plesseni + ecuadorensis, labelled with H"
MHy10,Melpomene hybrid,H_melpomene,F,2022-04-19,2022-04-19,15,2022-05-04,,"Hybrid - plesseni + ecuadorensis, labelled with H"
MHy11,Melpomene hybrid,H_melpomene,M,2022-04-19,2022-04-19,,#N/A,,"Hybrid - plesseni + ecuadorensis, labelled with H"
MHy12,Melpomene hybrid,H_melpomene,M,2022-04-19,2022-04-19,57,2022-06-15,,"Hybrid - plesseni + ecuadorensis, labelled with H"
MHy13,Melpomene hybrid,H_melpomene,F,2022-04-19,2022-04-19,,#N/A,,"Hybrid - plesseni + ecuadorensis, labelled with H"
MHy14,Melpomene hybrid,H_melpomene,F,2022-04-19,2022-04-19,16,2022-05-05,,"Hybrid - plesseni + ecuadorensis, labelled with H"
At19,Atthis,H_atthis,M,2022-04-21,2022-04-21,7,2022-04-28,,
At20,Atthis,H_atthis,M,2022-04-21,2022-04-21,53,2022-06-13,,
At21,Atthis,H_atthis,M,2022-04-21,2022-04-21,34,2022-05-25,,
MHy29,Melpomene hybrid,H_melpomene,M,2022-04-21,2022-04-21,33,2022-05-24,,"Hybrid - plesseni + ecuadorensis, labelled with H"
MHy30,Melpomene hybrid,H_melpomene,F,2022-04-21,2022-04-21,26,2022-05-17,,"Hybrid - plesseni + ecuadorensis, labelled with H"
MHy31,Melpomene hybrid,H_melpomene,F,2022-04-21,2022-04-21,,#N/A,,"Hybrid - plesseni + ecuadorensis, labelled with H"
Dd1,Dryadula,D_phaetusa,F,2022-04-20,2022-04-20,,#N/A,,
Dd2,Dryadula,D_phaetusa,F,2022-04-20,2022-04-20,6,2022-04-26,,
MHy15,Melpomene hybrid,H_melpomene,M,2022-04-20,2022-04-20,,#N/A,,"Hybrid - plesseni + ecuadorensis, labelled with H"
MHy16,Melpomene hybrid,H_melpomene,M,2022-04-20,2022-04-20,8,2022-04-28,,"Hybrid - plesseni + ecuadorensis, labelled with H"
MHy17,Melpomene hybrid,H_melpomene,F,2022-04-20,2022-04-20,54,2022-06-13,,"Hybrid - plesseni + ecuadorensis, labelled with H"
MHy18,Melpomene hybrid,H_melpomene,F,2022-04-20,2022-04-20,,#N/A,,"Hybrid - plesseni + ecuadorensis, labelled with H"
MHy19,Melpomene hybrid,H_melpomene,F,2022-04-20,2022-04-20,28,2022-05-18,,"Hybrid - plesseni + ecuadorensis, labelled with H"
MHy20,Melpomene hybrid,H_melpomene,M,2022-04-20,2022-04-20,14,2022-05-04,,"Hybrid - plesseni + ecuadorensis, labelled with H"
MHy21,Melpomene hybrid,H_melpomene,M,2022-04-20,2022-04-20,8,2022-04-28,,"Hybrid - plesseni + ecuadorensis, labelled with H"
MHy22,Melpomene hybrid,H_melpomene,F,2022-04-20,2022-04-20,41,2022-05-31,,"Hybrid - plesseni + ecuadorensis, labelled with H"
MHy23,Melpomene hybrid,H_melpomene,M,2022-04-20,2022-04-20,,#N/A,,"Hybrid - plesseni + ecuadorensis, labelled with H"
MHy24,Melpomene hybrid,H_melpomene,M,2022-04-20,2022-04-20,,#N/A,,"Hybrid - plesseni + ecuadorensis, labelled with H"
MHy25,Melpomene hybrid,H_melpomene,F,2022-04-20,2022-04-20,,#N/A,,"white eyes (albinism?) - Hybrid - plesseni + ecuadorensis, labelled with H"
MHy26,Melpomene hybrid,H_melpomene,F,2022-04-20,2022-04-20,,#N/A,,"Hybrid - plesseni + ecuadorensis, labelled with H"
MHy27,Melpomene hybrid,H_melpomene,F,2022-04-20,2022-04-20,,#N/A,,"white eyes (albinism?) - Hybrid - plesseni + ecuadorensis, labelled with H"
At15,Atthis,H_atthis,M,2022-04-20,2022-04-20,1,2022-04-21,,
At16,Atthis,H_atthis,M,2022-04-20,2022-04-20,2,2022-04-22,,
At17,Atthis,H_atthis,M,2022-04-20,2022-04-20,19,2022-05-09,,
At18,Atthis,H_atthis,F,2022-04-20,2022-04-20,40,2022-05-30,,
Nu3,Numata,H_numata,M,2022-04-20,2022-04-20,106,2022-08-04,,
R36,Melpomene rosina,H_melpomene,F,2022-04-20,2022-04-20,35,2022-05-25,,
Nu4,Numata,H_numata,M,2022-04-22,2022-04-22,,#N/A,,
Eu25,Eueides isabella,E_isabella,M,2022-04-22,2022-04-22,,#N/A,,
MHy32,Melpomene hybrid,H_melpomene,M,2022-04-22,2022-04-22,,#N/A,,
MHy33,Melpomene hybrid,H_melpomene,M,2022-04-22,2022-04-22,,#N/A,,
Sap28,Sapho sapho,H_sapho,M,2022-04-22,2022-04-22,,#N/A,,
Sap29,Sapho sapho,H_sapho,F,2022-04-22,2022-04-22,,#N/A,,
Ec7,Melpomene ecuadorensis,H_melpomene,M,2022-04-22,2022-04-22,0,2022-04-22,,
Zu5,Hecale zuleika,H_hecale,M,2022-04-22,2022-04-22,26,2022-05-18,,
Eu26,Eueides isabella,E_isabella,F,2022-04-24,2022-04-25,1,2022-04-25,,
E26,Erato demophoon,H_erato,F,2022-04-24,2022-04-25,1,2022-04-25,,
Hyd1,Erato hydara,H_erato,M,2022-04-25,2022-04-25,,#N/A,,
E27,Erato demophoon,H_erato,F,2022-04-26,2022-04-26,8,2022-05-04,,
E28,Erato demophoon,H_erato,F,2022-04-25,2022-04-26,44,2022-06-08,,
E29,Erato demophoon,H_erato,F,2022-04-27,2022-04-27,58,2022-06-24,,
E30,Erato demophoon,H_erato,M,2022-04-27,2022-04-27,1,2022-04-28,,
Cyd5,Cydno chioneus,H_cydno,M,2022-04-27,2022-04-27,,#N/A,,
E31,Erato demophoon,H_erato,M,2022-04-27,2022-04-28,8,2022-05-05,,
E32,Erato demophoon,H_erato,F,2022-04-28,2022-04-28,,#N/A,,
E33,Erato demophoon,H_erato,M,2022-04-28,2022-04-28,86,2022-07-23,,
Dd3,Dryadula,D_phaetusa,F,2022-04-29,2022-04-29,10,2022-05-09,,
R37,Melpomene rosina,H_melpomene,M,2022-05-01,2022-05-01,67,2022-07-07,,
R40,Melpomene rosina,H_melpomene,M,2022-05-02,2022-05-02,72,2022-07-13,,
R41,Melpomene rosina,H_melpomene,M,2022-05-02,2022-05-02,50,2022-06-21,,
R42,Melpomene rosina,H_melpomene,M,2022-05-02,2022-05-02,,#N/A,,
R43,Melpomene rosina,H_melpomene,M,2022-05-02,2022-05-02,46,2022-06-17,,
Cyd6,Cydno chioneus,H_cydno,M,2022-05-02,2022-05-02,,#N/A,,
R45,Melpomene rosina,H_melpomene,M,2022-05-03,2022-05-03,36,2022-06-08,,
R46,Melpomene rosina,H_melpomene,F,2022-05-03,2022-05-03,36,2022-06-08,,
Dd4,Dryadula,D_phaetusa,M,2022-05-03,2022-05-03,,#N/A,,
Zu6,Hecale zuleika,H_hecale,M,2022-05-03,2022-05-03,36,2022-06-08,,
Ec10,Melpomene ecuadorensis,H_melpomene,M,2022-05-04,2022-05-04,45,2022-06-18,,
Ec11,Melpomene ecuadorensis,H_melpomene,M,2022-05-04,2022-05-04,35,2022-06-08,,
Ec13,Melpomene ecuadorensis,H_melpomene,M,2022-05-05,2022-05-05,97,2022-08-10,,
R49,Melpomene rosina,H_melpomene,F,2022-05-05,2022-05-05,50,2022-06-24,,
R50,Melpomene rosina,H_melpomene,M,2022-05-06,2022-05-06,33,2022-06-08,,
R51,Melpomene rosina,H_melpomene,M,2022-05-06,2022-05-06,33,2022-06-08,,
R52,Melpomene rosina,H_melpomene,M,2022-05-06,2022-05-06,19,2022-05-25,,
Ec14,Melpomene ecuadorensis,H_melpomene,M,2022-05-06,2022-05-06,10,2022-05-16,,
Ec15,Melpomene ecuadorensis,H_melpomene,M,2022-05-06,2022-05-06,39,2022-06-14,,
Ec16,Melpomene ecuadorensis,H_melpomene,M,2022-05-06,2022-05-06,25,2022-05-31,,
Ec17,Melpomene ecuadorensis,H_melpomene,M,2022-05-06,2022-05-06,94,2022-08-08,,
Cyd7,Cydno chioneus,H_cydno,M,2022-05-06,2022-05-06,33,2022-06-08,,
Dd5,Dryadula,D_phaetusa,F,2022-05-09,2022-05-09,,#N/A,,crumpled wings
Zu7,Hecale zuleika,H_hecale,M,2022-05-09,2022-05-09,37,2022-06-15,,
Eu27,Eueides isabella,E_isabella,M,2022-05-09,2022-05-09,,#N/A,,
Cyd8,Cydno chioneus,H_cydno,M,2022-05-09,2022-05-09,,#N/A,,
R53,Melpomene rosina,H_melpomene,M,2022-05-09,2022-05-09,10,2022-05-19,,
R54,Melpomene rosina,H_melpomene,F,2022-05-09,2022-05-09,10,2022-05-19,,
R55,Melpomene rosina,H_melpomene,M,2022-05-10,2022-05-10,29,2022-06-08,,
R56,Melpomene rosina,H_melpomene,F,2022-05-10,2022-05-10,38,2022-06-17,,
Ch2,Charitonia,H_charitonia,M,2022-05-10,2022-05-10,,#N/A,,
Ec18,Melpomene ecuadorensis,H_melpomene,M,2022-05-10,2022-05-10,36,2022-06-15,,
Zu8,Hecale zuleika,H_hecale,M,2022-05-10,2022-05-10,,#N/A,,
Is1,Ismenius bouletti,H_ismenius,F,2022-05-11,2022-05-11,,#N/A,,
Zu9,Hecale zuleika,H_hecale,M,2022-05-11,2022-05-11,35,2022-06-15,,
Ec19,Melpomene ecuadorensis,H_melpomene,M,2022-05-12,2022-05-12,27,2022-06-08,,
Ec20,Melpomene ecuadorensis,H_melpomene,M,2022-05-13,2022-05-13,42,2022-06-24,,
R57,Melpomene rosina,H_melpomene,M,2022-05-13,2022-05-13,,#N/A,,
Is2,Ismenius bouletti,H_ismenius,M,2022-05-13,2022-05-13,6,2022-05-19,,
Hew4,Hewitsoni,H_hewitsoni,M,2022-05-13,2022-05-13,6,2022-05-19,,
Hew5,Hewitsoni,H_hewitsoni,F,2022-05-13,2022-05-13,13,2022-05-26,,
Hew6,Hewitsoni,H_hewitsoni,M,2022-05-13,2022-05-13,35,2022-06-17,,
Hew7,Hewitsoni,H_hewitsoni,F,2022-05-13,2022-05-13,,#N/A,,
Hew8,Hewitsoni,H_hewitsoni,F,2022-05-13,2022-05-13,,#N/A,,
Ec23,Melpomene ecuadorensis,H_melpomene,M,2022-05-14,2022-05-15,,#N/A,,
Ec24,Melpomene ecuadorensis,H_melpomene,M,2022-05-14,2022-05-15,,#N/A,,
Zu10,Hecale zuleika,H_hecale,M,2022-05-17,2022-05-17,14,2022-05-31,,
Hyd2,Erato hydara,H_erato,M,2022-05-17,2022-05-17,,#N/A,,
Ec25,Melpomene ecuadorensis,H_melpomene,M,2022-05-16,2022-05-16,23,2022-06-08,,
Ec26,Melpomene ecuadorensis,H_melpomene,M,2022-05-16,2022-05-16,2,2022-05-18,,
Ec27,Melpomene ecuadorensis,H_melpomene,M,2022-05-17,2022-05-17,29,2022-06-15,,
Dd6,Dryadula,D_phaetusa,F,2022-05-27,2022-05-27,,#N/A,,
Ch3,Charitonia,H_charitonia,M,2022-05-28,2022-05-28,,#N/A,,
Ec28,Melpomene ecuadorensis,H_melpomene,M,2022-05-29,2022-05-29,29,2022-06-27,,crumpled wings
E34,Erato demophoon,H_erato,M,2022-05-30,2022-05-30,70,2022-08-08,,
Ag1,Agraulis vanillae,A_vanillae,M,2022-06-03,2022-06-03,11,2022-06-14,,
Pac7,Pachinus,H_pachinus,M,2022-06-03,2022-06-03,26,2022-06-29,,
R58,Melpomene rosina,H_melpomene,M,2022-06-03,2022-06-03,21,2022-06-24,,
MHy34,Melpomene hybrid,H_melpomene,M,2022-06-03,2022-06-03,,#N/A,,
Nu5,Numata,H_numata,M,2022-06-04,2022-06-04,4,2022-06-08,,
Dd7,Dryadula,D_phaetusa,F,2022-06-04,2022-06-05,,#N/A,,
Dd8,Dryadula,D_phaetusa,M,2022-06-05,2022-06-05,3,2022-06-08,,
Dd9,Dryadula,D_phaetusa,F,2022-06-05,2022-06-05,3,#N/A,2022-06-08,
MHy35,Melpomene hybrid,H_melpomene,M,2022-06-07,2022-06-08,24,2022-07-01,,
Zu11,Hecale zuleika,H_hecale,M,2022-06-08,2022-06-08,19,2022-06-27,,
Sap30,Sapho sapho,H_sapho,M,2022-06-07,2022-06-08,2,2022-06-09,,
Sap31,Sapho sapho,H_sapho,F,2022-06-07,2022-06-08,,#N/A,,
Sap32,Sapho sapho,H_sapho,F,2022-06-07,2022-06-08,,#N/A,,
Sap33,Sapho sapho,H_sapho,M,2022-06-07,2022-06-08,,#N/A,,
Sap34,Sapho sapho,H_sapho,M,2022-06-07,2022-06-08,,#N/A,,
Sap35,Sapho sapho,H_sapho,M,2022-06-07,2022-06-08,1,2022-06-08,,
Sap36,Sapho sapho,H_sapho,M,2022-06-07,2022-06-08,,#N/A,,
Sap37,Sapho sapho,H_sapho,F,2022-06-07,2022-06-08,,#N/A,,
Sap38,Sapho sapho,H_sapho,M,2022-06-07,2022-06-08,,#N/A,,
Sap39,Sapho sapho,H_sapho,M,2022-06-08,2022-06-09,63,2022-08-10,,
Sap40,Sapho sapho,H_sapho,M,2022-06-08,2022-06-09,64,2022-08-11,,
Sap41,Sapho sapho,H_sapho,F,2022-06-08,2022-06-09,2,2022-08-02,2022-06-10,
Sap42,Sapho sapho,H_sapho,M,2022-06-08,2022-06-09,40,2022-07-18,,
Sap43,Sapho sapho,H_sapho,M,2022-06-08,2022-06-09,57,2022-08-04,,
Sap44,Sapho sapho,H_sapho,F,2022-06-08,2022-06-09,20,2022-06-28,,
H36,Hecale melicerta,H_hecale,M,2022-04-25,2022-06-09,45,2022-06-09,,"old HL36 (accidentally marked 2x HL36 - one remained in PD cage), escaped from PD cage 26/4, found in garden by Benita 9/6 and placed in big cage"
Pac8,Pachinus,H_pachinus,F,2022-06-09,2022-06-10,28,2022-07-07,,
Pac9,Pachinus,H_pachinus,M,2022-06-09,2022-06-10,,#N/A,,
Ag2,Agraulis vanillae,A_vanillae,F,2022-06-12,2022-06-12,,#N/A,,
Ag3,Agraulis vanillae,A_vanillae,M,2022-06-13,2022-06-13,,#N/A,,
Ag4,Agraulis vanillae,A_vanillae,F,2022-06-13,2022-06-13,,#N/A,,
Pac10,Pachinus,H_pachinus,M,2022-06-12,2022-06-13,16,2022-06-28,,
Pac11,Pachinus,H_pachinus,M,2022-06-12,2022-06-13,32,2022-07-14,,
Cyd9,Cydno chioneus,H_cydno,F,2022-06-12,2022-06-13,2,2022-06-14,,
Ec29,Melpomene ecuadorensis,H_melpomene,F,2022-06-12,2022-06-13,,#N/A,,
Ag5,Agraulis vanillae,A_vanillae,F,2022-06-14,2022-06-14,,#N/A,,
Do32,Doris,H_doris,F,2022-06-14,2022-06-14,,#N/A,,
Pac12,Pachinus,H_pachinus,F,2022-06-13,2022-06-14,11,2022-06-24,,
Nu6,Numata,H_numata,F,2022-06-13,2022-06-14,42,2022-07-25,,
Nu7,Numata,H_numata,M,2022-06-13,2022-06-14,23,2022-07-06,,
Nu8,Numata,H_numata,M,2022-06-13,2022-06-14,8,2022-06-21,,
Nu9,Numata,H_numata,F,2022-06-13,2022-06-14,56,2022-08-08,,
Nu10,Numata,H_numata,M,2022-06-13,2022-06-14,,#N/A,,
Nu11,Numata,H_numata,M,2022-06-13,2022-06-14,,#N/A,,
Nu12,Numata,H_numata,M,2022-06-13,2022-06-14,50,2022-08-02,,
Nu13,Numata,H_numata,F,2022-06-13,2022-06-14,50,2022-08-02,,
Nu14,Numata,H_numata,F,2022-06-13,2022-06-14,2,2022-06-15,,
Nu15,Numata,H_numata,F,2022-06-13,2022-06-14,52,2022-08-04,,
Nu16,Numata,H_numata,M,2022-06-14,2022-06-16,,#N/A,,
Nu17,Numata,H_numata,F,2022-06-15,2022-06-16,33,2022-07-18,,
Nu18,Numata,H_numata,F,2022-06-15,2022-06-16,48,2022-08-02,,
Nu19,Numata,H_numata,F,2022-06-15,2022-06-16,,#N/A,,
Nu20,Numata,H_numata,M,2022-06-15,2022-06-16,26,2022-07-11,,
Nu21,Numata,H_numata,M,2022-06-15,2022-06-16,6,2022-06-21,,
Nu22,Numata,H_numata,M,2022-06-15,2022-06-16,43,2022-07-28,,
Nu23,Numata,H_numata,M,2022-06-15,2022-06-16,12,2022-06-27,,
Nu24,Numata,H_numata,F,2022-06-15,2022-06-16,,#N/A,,
Pac13,Pachinus,H_pachinus,F,2022-06-15,2022-06-16,5,2022-06-20,,
Ag6,Agraulis vanillae,A_vanillae,M,2022-06-16,2022-06-16,,#N/A,,
MHy37,Melpomene hybrid,H_melpomene,M,2022-06-16,2022-06-16,21,2022-07-07,,
Ag7,Agraulis vanillae,A_vanillae,F,2022-06-17,2022-06-17,7,2022-06-24,,
Ag8,Agraulis vanillae,A_vanillae,M,2022-06-17,2022-06-17,,#N/A,,
Ag9,Agraulis vanillae,A_vanillae,F,2022-06-17,2022-06-17,10,2022-06-27,,
Ag10,Agraulis vanillae,A_vanillae,M,2022-06-17,2022-06-17,,#N/A,,
Pac14,Pachinus,H_pachinus,M,2022-06-16,2022-06-17,5,2022-06-21,,
Cyd10,Cydno chioneus,H_cydno,M,2022-06-16,2022-06-17,,#N/A,,
Ag11,Agraulis vanillae,A_vanillae,F,2022-06-18,2022-06-18,,#N/A,,weird wing
Nu25,Numata,H_numata,M,2022-06-18,2022-06-19,3,2022-06-21,,"accidentally labelled 2x Nu25, birth date changed to youngest"
MHy38,Melpomene hybrid,H_melpomene,M,2022-06-18,2022-06-18,6,2022-06-24,,
Nu26,Numata,H_numata,M,2022-06-19,2022-06-20,33,2022-07-22,,
Nu27,Numata,H_numata,M,2022-06-19,2022-06-20,,#N/A,,
Nu28,Numata,H_numata,F,2022-06-19,2022-06-20,10,2022-06-29,,
Nu29,Numata,H_numata,M,2022-06-19,2022-06-20,5,2022-06-24,,
D161,Dryas,D_iulia,F,2022-06-05,2022-06-21,,#N/A,,cognitive
Pac15,Pachinus,H_pachinus,M,2022-06-21,2022-06-22,20,2022-07-11,,
Pac16,Pachinus,H_pachinus,F,2022-06-21,2022-06-22,,#N/A,,
Nu30,Numata,H_numata,F,2022-06-21,2022-06-22,3,2022-06-24,,
MHy39,Melpomene hybrid,H_melpomene,F,2022-06-21,2022-06-22,39,2022-07-30,,
Dd10,Dryadula,D_phaetusa,F,2022-06-23,2022-06-23,,#N/A,,
H16,Hecale melicerta,H_hecale,M,2022-04-07,2022-06-23,,#N/A,,cognitive
D177,Dryas,D_iulia,M,2022-06-12,2022-06-25,,#N/A,,cognitive
H17,Hecale melicerta,H_hecale,M,2022-04-10,2022-06-25,,#N/A,,cognitive
Nu31,Numata,H_numata,F,2022-06-24,2022-06-24,20,2022-07-14,,
Pac17,Pachinus,H_pachinus,M,2022-06-24,2022-06-27,,#N/A,,
Nu32,Numata,H_numata,M,2022-06-24,2022-06-27,5,2022-06-29,,
Nu33,Numata,H_numata,M,2022-06-24,2022-06-27,47,2022-07-23,2022-08-10,
Nu34,Numata,H_numata,F,2022-06-24,2022-06-27,39,2022-08-02,,
Nu35,Numata,H_numata,M,2022-06-24,2022-06-27,31,2022-07-25,,
Nu36,Numata,H_numata,M,2022-06-25,2022-06-27,5,2022-06-30,,
Nu37,Numata,H_numata,M,2022-06-25,2022-06-27,,#N/A,,
Nu38,Numata,H_numata,M,2022-06-25,2022-06-27,,#N/A,,
Ph1,Philaethria dido panamensis,P_dido,F,2022-06-29,2022-06-29,,#N/A,,
Eu28,Eueides isabella,E_isabella,F,2022-06-30,2022-06-30,,#N/A,,
Eu29,Eueides isabella,E_isabella,M,2022-07-01,2022-07-01,,#N/A,,
D184,Dryas,D_iulia,M,2022-06-18,2022-06-30,,#N/A,,cognitive
Nu39,Numata,H_numata,M,2022-07-03,2022-07-04,2,2022-07-05,,
Nu40,Numata,H_numata,M,2022-07-03,2022-07-04,4,2022-07-07,,
Nu41,Numata,H_numata,M,2022-07-03,2022-07-04,,#N/A,,
Dd11,Dryadula,D_phaetusa,M,2022-07-04,2022-07-04,10,2022-07-14,,cognitive
H19,Hecale melicerta,H_hecale,M,2022-04-11,2022-07-04,,#N/A,,
Ag12,Agraulis vanillae,A_vanillae,M,2022-07-05,2022-07-05,,#N/A,,
Nu42,Numata,H_numata,M,2022-07-05,2022-07-06,,#N/A,,
Nu43,Numata,H_numata,M,2022-07-05,2022-07-06,,#N/A,,
Nu44,Numata,H_numata,F,2022-07-05,2022-07-06,20,2022-07-25,,
Nu45,Numata,H_numata,F,2022-07-05,2022-07-06,,#N/A,,
Nu46,Numata,H_numata,F,2022-07-05,2022-07-06,,#N/A,,
Nu47,Numata,H_numata,M,2022-07-05,2022-07-06,27,2022-08-01,,
Nu48,Numata,H_numata,M,2022-07-05,2022-07-06,,#N/A,,
Nu49,Numata,H_numata,M,2022-07-05,2022-07-06,28,2022-08-02,,
Nu50,Numata,H_numata,M,2022-07-05,2022-07-06,,#N/A,,
H25,Hecale melicerta,H_hecale,F,2022-04-16,2022-07-06,,#N/A,,cognitive
Cyd11,Cydno chioneus,H_cydno,F,2022-07-07,2022-07-07,28,2022-08-04,,
Cyd12,Cydno chioneus,H_cydno,F,2022-07-07,2022-07-07,4,2022-07-11,,
Cyd13,Cydno chioneus,H_cydno,M,2022-07-08,2022-07-08,27,2022-08-04,,
At22,Atthis,H_atthis,M,2022-07-08,2022-07-08,,#N/A,,
At23,Atthis,H_atthis,M,2022-07-08,2022-07-08,,#N/A,,
At24,Atthis,H_atthis,M,2022-07-08,2022-07-08,,#N/A,,
At25,Atthis,H_atthis,M,2022-07-08,2022-07-08,,#N/A,,
At26,Atthis,H_atthis,M,2022-07-08,2022-07-08,,#N/A,,
At27,Atthis,H_atthis,M,2022-07-08,2022-07-08,25,2022-08-02,,
At28,Atthis,H_atthis,M,2022-07-08,2022-07-08,,#N/A,,
Nu51,Numata,H_numata,F,2022-07-07,2022-07-09,,#N/A,,weird wing
Ph2,Philaethria dido panamensis,P_dido,F,2022-07-09,2022-07-09,,#N/A,,
D211,Dryas,D_iulia,F,2022-06-26,2022-07-10,,#N/A,,cognitive
Ph3,Philaethria dido panamensis,P_dido,M,2022-07-11,2022-07-11,,#N/A,,
Ph4,Philaethria dido panamensis,P_dido,F,2022-07-11,2022-07-11,,#N/A,,
At29,Atthis,H_atthis,M,2022-07-11,2022-07-11,,#N/A,,
Nu52,Numata,H_numata,M,2022-07-10,2022-07-11,8,2022-07-18,,
Nu53,Numata,H_numata,F,2022-07-09,2022-07-11,32,2022-08-10,,
Nu54,Numata,H_numata,M,2022-07-09,2022-07-11,19,2022-07-28,,
At30,Atthis,H_atthis,M,2022-07-09,2022-07-11,,#N/A,,
DC207,Dryas,D_iulia,M,2022-06-25,2022-07-11,,#N/A,,cognitive
At31,Atthis,H_atthis,F,2022-07-10,2022-07-12,,#N/A,,
MHy40,Melpomene hybrid,H_melpomene,M,2022-07-13,2022-07-13,,#N/A,,
Nu55,Numata,H_numata,F,2022-07-14,2022-07-14,47,2022-08-30,,
Nu56,Numata,H_numata,M,2022-07-14,2022-07-14,28,2022-08-11,,
H34,Hecale melicerta,H_hecale,F,2022-04-27,2022-07-14,,#N/A,,cognitive
H35,Hecale melicerta,H_hecale,F,2022-04-27,2022-07-14,,#N/A,,cognitive
H2,Hecale melicerta,H_hecale,F,2022-06-19,2022-07-14,,#N/A,,PDM individual
H3,Hecale melicerta,H_hecale,F,2022-06-21,2022-07-14,44,2022-08-04,,PDM individual
Ph6,Philaethria dido panamensis,P_dido,F,2022-07-15,2022-07-15,,#N/A,,
Nu57,Numata,H_numata,F,2022-07-15,2022-07-15,10,2022-07-25,,
Nu58,Numata,H_numata,M,2022-07-15,2022-07-15,17,2022-08-01,,
Nu59,Numata,H_numata,F,2022-07-15,2022-07-15,13,2022-07-28,,
Nu60,Numata,H_numata,F,2022-07-15,2022-07-15,41,2022-08-25,,
Is3,Ismenius bouletti,H_ismenius,F,2022-07-15,2022-07-15,24,2022-08-08,,weird/impure
Pac18,Pachinus,H_pachinus,M,2022-07-15,2022-07-15,20,2022-08-04,,
Pac19,Pachinus,H_pachinus,M,2022-07-15,2022-07-15,20,2022-08-04,,
Ph7,Philaethria dido panamensis,P_dido,M,2022-07-17,2022-07-17,,#N/A,,
Ph8,Philaethria dido panamensis,P_dido,M,2022-07-18,2022-07-18,,#N/A,,
Nu61,Numata,H_numata,F,2022-07-16,2022-07-16,19,2022-08-04,,
Nu62,Numata,H_numata,F,2022-07-16,2022-07-16,45,2022-08-30,,
Nu63,Numata,H_numata,M,2022-07-16,2022-07-16,16,2022-08-01,,
Nu64,Numata,H_numata,F,2022-07-16,2022-07-16,,#N/A,,
Nu65,Numata,H_numata,F,2022-07-16,2022-07-16,16,2022-08-01,,
Nu66,Numata,H_numata,M,2022-07-16,2022-07-16,26,2022-08-11,,
Nu67,Numata,H_numata,M,2022-07-16,2022-07-16,32,2022-08-17,,
Nu68,Numata,H_numata,F,2022-07-16,2022-07-16,17,2022-08-02,,
Nu69,Numata,H_numata,F,2022-07-16,2022-07-16,26,2022-08-11,,
Nu70,Numata,H_numata,M,2022-07-16,2022-07-16,9,2022-07-25,,
Cyd14,Cydno chioneus,H_cydno,M,2022-07-19,2022-07-19,37,2022-08-25,,
Cyd15,Cydno chioneus,H_cydno,M,2022-07-20,2022-07-20,13,2022-08-02,,
Eu30,Eueides isabella,E_isabella,M,2022-07-20,2022-07-20,,#N/A,,crumpled wing
Sap45,Sapho sapho,H_sapho,M,2022-07-21,2022-07-21,40,2022-08-30,,
Sap46,Sapho sapho,H_sapho,F,2022-07-21,2022-07-21,7,2022-07-28,,
Sap47,Sapho sapho,H_sapho,M,2022-07-21,2022-07-21,28,2022-08-18,,
Eu31,Eueides isabella,E_isabella,F,2022-07-24,2022-07-24,,#N/A,,
H104,Hecale melicerta,H_hecale,M,2022-06-26,2022-07-25,,#N/A,,cognitive
H135,Hecale melicerta,H_hecale,M,2022-07-12,2022-07-25,,#N/A,,cognitive
D208,Dryas,D_iulia,F,2022-06-25,2022-07-25,,#N/A,,cognitive
D205,Dryas,D_iulia,M,2022-06-24,2022-07-25,,#N/A,,cognitive
H39,Hecale melicerta,H_hecale,F,2022-04-30,2022-07-25,94,2022-08-02,,cognitive
D174,Dryas,D_iulia,M,2022-06-10,2022-07-25,,#N/A,,cognitive
D162,Dryas,D_iulia,F,2022-06-08,2022-07-25,,#N/A,,cognitive
D168,Dryas,D_iulia,F,2022-06-09,2022-07-25,,#N/A,,cognitive
Is160,Ismenius bouletti,H_ismenius,F,2022-07-22,2022-07-25,,#N/A,,weird hybrid
D1,Dryas,D_iulia,M,2022-07-25,2022-07-25,,#N/A,,Guyana
D2,Dryas,D_iulia,M,2022-07-25,2022-07-25,,#N/A,,Guyana
D3,Dryas,D_iulia,F,2022-07-25,2022-07-25,,#N/A,,Guyana
D4,Dryas,D_iulia,F,2022-07-25,2022-07-25,,#N/A,,Guyana
Is4,Ismenius bouletti,H_ismenius,F,2022-07-25,2022-07-25,17,2022-08-11,,
Is5,Ismenius bouletti,H_ismenius,M,2022-07-25,2022-07-25,,#N/A,,
Is6,Ismenius bouletti,H_ismenius,M,2022-07-25,2022-07-25,23,2022-08-17,,
Eu32,Eueides isabella,E_isabella,M,2022-07-25,2022-07-25,,#N/A,,
EHy1,Erato hybrid,H_erato,M,2022-07-25,2022-07-25,8,2022-08-02,,
EHy2,Erato hybrid,H_erato,M,2022-07-25,2022-07-25,,#N/A,,
MHy41,Melpomene hybrid,H_melpomene,M,2022-07-25,2022-07-25,8,2022-08-02,,
Cyr2,Erato cyrbia,H_erato,M,2022-07-25,2022-07-25,,#N/A,,
H50,Hecale melicerta,H_hecale,F,2022-05-09,2022-07-26,,#N/A,,
H136,Hecale melicerta,H_hecale,M,2022-07-12,2022-07-26,35,2022-08-16,,
Ph9,Philaethria dido panamensis,P_dido,F,2022-07-26,2022-07-26,7,2022-08-02,,
Is7,Ismenius bouletti,H_ismenius,M,2022-07-26,2022-07-26,,#N/A,,
Cyd16,Cydno chioneus,H_cydno,M,2022-07-26,2022-07-26,6,2022-08-01,,
D5,Dryas,D_iulia,M,2022-07-26,2022-07-26,,#N/A,,
D6,Dryas,D_iulia,M,2022-07-26,2022-07-26,,#N/A,,
D7,Dryas,D_iulia,M,2022-07-27,2022-07-27,,#N/A,,
Ph10,Philaethria dido panamensis,P_dido,F,2022-07-27,2022-07-27,,#N/A,,
Ph11,Philaethria dido panamensis,P_dido,F,2022-07-27,2022-07-27,,#N/A,,
Eu33,Eueides isabella,E_isabella,F,2022-07-27,2022-07-27,,#N/A,,
H68,Hecale melicerta,H_hecale,F,2022-06-29,2022-07-27,40,2022-08-08,,"escaped PD longevity, found in garden on 27/7"
H51,Hecale melicerta,H_hecale,F,2022-05-10,2022-07-27,,#N/A,,cognitive
H107,Hecale melicerta,H_hecale,M,2022-06-28,2022-07-27,35,2022-08-02,,cognitive
H108,Hecale melicerta,H_hecale,F,2022-06-28,2022-07-27,,#N/A,,cognitive
Ph12,Philaethria dido panamensis,P_dido,M,2022-07-28,2022-07-28,,#N/A,,
D8,Dryas,D_iulia,F,2022-07-28,2022-07-28,7,2022-08-04,,
D9,Dryas,D_iulia,F,2022-07-28,2022-07-28,,#N/A,,
D10,Dryas,D_iulia,F,2022-07-28,2022-07-28,,#N/A,,
Ph13,Philaethria dido panamensis,P_dido,F,2022-07-29,2022-07-29,,#N/A,,
Ph14,Philaethria dido panamensis,P_dido,M,2022-07-31,2022-07-31,,#N/A,,
Eu34,Eueides isabella,E_isabella,F,2022-07-31,2022-07-31,,#N/A,,cognitive
H154,Hecale melicerta,H_hecale,M,2022-07-16,2022-07-31,,#N/A,,cognitive
H149,Hecale melicerta,H_hecale,F,2022-07-15,2022-07-31,,#N/A,,cognitive
H152,Hecale melicerta,H_hecale,F,2022-07-16,2022-07-31,24,#N/A,2022-08-09,cognitive
H150,Hecale melicerta,H_hecale,M,2022-07-15,2022-07-30,,#N/A,,cognitive
H105,Hecale melicerta,H_hecale,M,2022-06-28,2022-07-30,37,2022-08-04,,cognitive
H134,Hecale melicerta,H_hecale,F,2022-07-11,2022-07-30,24,2022-08-04,,cognitive
Eu35,Eueides isabella,E_isabella,F,2022-08-02,2022-08-02,,#N/A,,
Eu36,Eueides isabella,E_isabella,M,2022-08-02,2022-08-02,,#N/A,,
H101,Hecale melicerta,H_hecale,M,2022-06-25,2022-08-02,,#N/A,,cognitive
H155,Hecale melicerta,H_hecale,F,2022-07-17,2022-08-02,16,2022-08-02,,cognitive
H113,Hecale melicerta,H_hecale,M,2022-07-03,2022-08-02,44,2022-08-16,,cognitive
Eu37,Eueides isabella,E_isabella,F,2022-08-03,2022-08-03,,#N/A,,
Eu38,Eueides isabella,E_isabella,M,2022-08-03,2022-08-03,,#N/A,,
H63,Hecale melicerta,H_hecale,F,2022-05-18,2022-08-04,78,2022-08-04,,cognitive
Is157,Ismenius bouletti,H_ismenius,F,2022-07-18,2022-08-04,21,2022-08-08,,cognitive
H111,Hecale melicerta,H_hecale,F,2022-07-02,2022-08-04,45,2022-08-16,,cognitive
H114,Hecale melicerta,H_hecale,F,2022-07-04,2022-08-04,38,2022-08-11,,cognitive
Eu39,Eueides isabella,E_isabella,M,2022-08-05,2022-08-05,,#N/A,,
Eu40,Eueides isabella,E_isabella,F,2022-08-06,2022-08-06,,#N/A,,
Eu41,Eueides isabella,E_isabella,F,2022-08-06,2022-08-06,,#N/A,,
Eu42,Eueides isabella,E_isabella,F,2022-08-06,2022-08-06,,#N/A,,
Dd12,Dryadula,D_phaetusa,F,2022-08-06,2022-08-06,4,2022-08-10,,
Dd13,Dryadula,D_phaetusa,F,2022-08-06,2022-08-07,,#N/A,,
H161,Hecale melicerta,H_hecale,M,2022-07-23,2022-08-07,19,2022-08-11,,cognitive
H120,Hecale melicerta,H_hecale,F,2022-07-06,2022-08-07,41,2022-08-16,,cognitive
H122,Hecale melicerta,H_hecale,F,2022-07-07,2022-08-07,,#N/A,,cognitive
H119,Hecale melicerta,H_hecale,F,2022-07-05,2022-08-07,,#N/A,,cognitive
H128,Hecale melicerta,H_hecale,F,2022-07-09,2022-08-07,,#N/A,,cognitive
H129,Hecale melicerta,H_hecale,F,2022-07-09,2022-08-07,,#N/A,,cognitive
H116,Hecale melicerta,H_hecale,M,2022-07-04,2022-08-07,37,2022-08-10,,cognitive
H124,Hecale melicerta,H_hecale,M,2022-07-07,2022-08-07,54,2022-08-30,,cognitive
H121,Hecale melicerta,H_hecale,F,2022-07-06,2022-08-07,36,2022-08-11,,cognitive
Dd14,Dryadula,D_phaetusa,M,2022-08-08,2022-08-08,17,2022-08-25,,
Eu43,Eueides isabella,E_isabella,F,2022-08-08,2022-08-08,,#N/A,,
Eu44,Eueides isabella,E_isabella,F,2022-08-08,2022-08-08,,#N/A,,
Eu45,Eueides isabella,E_isabella,M,2022-08-08,2022-08-08,,#N/A,,
Eu46,Eueides isabella,E_isabella,F,2022-08-08,2022-08-08,,#N/A,,
H117,Hecale melicerta,H_hecale,F,2022-07-04,2022-08-08,,#N/A,,cognitive
H159,Hecale melicerta,H_hecale,F,2022-07-22,2022-08-08,,#N/A,,cognitive
H131,Hecale melicerta,H_hecale,M,2022-07-10,2022-08-08,78,2022-09-26,,cognitive
H125,Hecale melicerta,H_hecale,F,2022-07-08,2022-08-08,39,2022-08-16,,cognitive
H130,Hecale melicerta,H_hecale,F,2022-07-10,2022-08-08,,#N/A,,cognitive
Dd15,Dryadula,D_phaetusa,M,2022-08-09,2022-08-09,8,2022-08-17,,
Eu47,Eueides isabella,E_isabella,M,2022-08-10,2022-08-10,,#N/A,,
Eu48,Eueides isabella,E_isabella,M,2022-08-10,2022-08-10,,#N/A,,
H145,Hecale melicerta,H_hecale,M,2022-07-14,2022-08-12,47,2022-08-30,,cognitive
H146,Hecale melicerta,H_hecale,M,2022-07-14,2022-08-12,,#N/A,,cognitive
Hew9,Hewitsoni,H_hewitsoni,F,2022-08-15,2022-08-15,2,2022-08-17,,
Hew10,Hewitsoni,H_hewitsoni,M,2022-08-15,2022-08-15,15,2022-08-30,,
Hew11,Hewitsoni,H_hewitsoni,M,2022-08-15,2022-08-15,,#N/A,,
Hew12,Hewitsoni,H_hewitsoni,M,2022-08-15,2022-08-15,2,2022-08-17,,
Hew13,Hewitsoni,H_hewitsoni,M,2022-08-15,2022-08-15,,#N/A,,
Hew14,Hewitsoni,H_hewitsoni,M,2022-08-15,2022-08-15,15,2022-08-30,,
Sap48,Sapho sapho,H_sapho,M,2022-08-15,2022-08-15,,#N/A,,
Sap49,Sapho sapho,H_sapho,M,2022-08-15,2022-08-15,2,2022-08-17,,
Sap50,Sapho sapho,H_sapho,M,2022-08-15,2022-08-15,15,2022-08-30,,
Sap51,Sapho sapho,H_sapho,M,2022-08-15,2022-08-15,,#N/A,,
H78,Hecale melicerta,H_hecale,M,2022-06-14,2022-08-17,,#N/A,,cognitive
H144,Hecale melicerta,H_hecale,F,2022-07-14,2022-08-18,,#N/A,,cognitive
Dd16,Dryadula,D_phaetusa,M,2022-08-22,2022-08-22,8,2022-08-30,,
Eu49,Eueides isabella,E_isabella,M,2022-08-23,2022-08-23,,#N/A,,
H166,Hecale melicerta,H_hecale,F,2022-08-08,2022-08-23,,#N/A,,cognitive
H167,Hecale melicerta,H_hecale,F,2022-08-08,2022-08-24,,#N/A,,cognitive
H81,Hecale melicerta,H_hecale,F,2022-06-16,2022-08-29,,#N/A,,cognitive
Dd17,Dryadula,D_phaetusa,F,2022-08-30,2022-08-30,,#N/A,,
Dd18,Dryadula,D_phaetusa,F,2022-08-30,2022-08-30,,#N/A,,messed up abdomen
H83,Hecale melicerta,H_hecale,F,2022-06-17,2022-08-31,,#N/A,,cognitive
H85,Hecale melicerta,H_hecale,F,2022-06-19,2022-09-04,,#N/A,,cognitive
H96,Hecale melicerta,H_hecale,F,2022-06-21,2022-09-04,,#N/A,,cognitive
H86,Hecale melicerta,H_hecale,F,2022-06-19,2022-09-05,,#N/A,,cognitive
H87,Hecale melicerta,H_hecale,F,2022-06-19,2022-09-05,,#N/A,,cognitive
H88,Hecale melicerta,H_hecale,M,2022-06-19,2022-08-09,,#N/A,,cognitive
Eu50,Eueides isabella,E_isabella,M,2022-09-12,2022-09-12,,#N/A,,
Eu51,Eueides isabella,E_isabella,M,2022-09-13,2022-09-13,,#N/A,,
H170,Hecale melicerta,H_hecale,M,2022-09-13,2022-09-26,13,2022-09-26,,cognitive
Is8,Ismenius bouletti,H_ismenius,F,2022-09-25,2022-09-27,19,2022-10-14,,
Is9,Ismenius bouletti,H_ismenius,M,2022-09-25,2022-09-27,,#N/A,,
Sap52,Sapho sapho,H_sapho,F,2022-09-26,2022-09-27,42,2022-11-07,,
Sap53,Sapho sapho,H_sapho,F,2022-09-26,2022-09-27,15,2022-10-11,,
Sap54,Sapho sapho,H_sapho,M,2022-09-26,2022-09-27,,#N/A,,
Sap55,Sapho sapho,H_sapho,M,2022-09-26,2022-09-27,15,2022-10-11,,
Nu72,Numata,H_numata,M,2022-09-27,2022-09-27,28,2022-10-25,,
Nu73,Numata,H_numata,M,2022-09-27,2022-09-27,,#N/A,,
Nu74,Numata,H_numata,F,2022-09-27,2022-09-27,14,2022-10-11,,
Nu75,Numata,H_numata,M,2022-09-27,2022-09-27,28,2022-10-25,,
Nu76,Numata,H_numata,F,2022-09-27,2022-09-27,21,2022-10-18,,
Ec30,Melpomene ecuadorensis,H_melpomene,M,2022-09-27,2022-09-27,17,2022-10-14,,
Mal1,Melpomene malleti,H_melpomene,M,2022-09-27,2022-09-27,,#N/A,,
Him1,Himera,H_himera,M,2022-09-27,2022-09-27,17,2022-10-14,,
Hyd3,Erato hydara,H_erato,M,2022-09-27,2022-09-27,6,2022-10-03,,
Ple2,Melpomene plesseni,H_melpomene,M,2022-09-27,2022-09-27,20,2022-10-17,,
Not1,Erato notabilis,H_erato,M,2022-09-28,2022-09-28,,#N/A,,
Ec31,Melpomene ecuadorensis,H_melpomene,F,2022-09-28,2022-09-28,,#N/A,,
Him2,Himera,H_himera,M,2022-09-28,2022-09-28,5,2022-10-03,,
Nu77,Numata,H_numata,M,2022-09-28,2022-09-28,16,2022-10-14,,
Nu78,Numata,H_numata,M,2022-09-29,2022-09-29,4,2022-10-03,,
Nu79,Numata,H_numata,M,2022-09-30,2022-09-30,18,2022-10-18,,
Nu80,Numata,H_numata,F,2022-09-30,2022-09-30,25,2022-10-25,,
Is10,Ismenius bouletti,H_ismenius,F,2022-09-30,2022-09-30,,#N/A,,
Ec32,Melpomene ecuadorensis,H_melpomene,F,2022-09-30,2022-09-30,,#N/A,,
Not2,Erato notabilis,H_erato,M,2022-10-01,2022-10-01,,#N/A,,
Is11,Ismenius bouletti,H_ismenius,M,2022-10-01,2022-10-01,13,2022-10-14,,
Is12,Ismenius bouletti,H_ismenius,M,2022-10-02,2022-10-02,,#N/A,,
Nu81,Numata,H_numata,M,2022-10-02,2022-10-03,,#N/A,,
Is13,Ismenius bouletti,H_ismenius,F,2022-10-03,2022-10-03,15,2022-10-18,,
Is14,Ismenius bouletti,H_ismenius,M,2022-10-03,2022-10-03,,#N/A,,
Nu82,Numata,H_numata,F,2022-10-03,2022-10-03,,#N/A,,
Nu83,Numata,H_numata,F,2022-10-03,2022-10-03,,#N/A,,
Dd19,Dryadula,D_phaetusa,F,2022-10-03,2022-10-03,,#N/A,,
Ec33,Melpomene ecuadorensis,H_melpomene,F,2022-10-03,2022-10-03,,#N/A,,
Is15,Ismenius bouletti,H_ismenius,M,2022-09-30,2022-10-04,,#N/A,,
Ec34,Melpomene ecuadorensis,H_melpomene,F,2022-10-04,2022-10-04,10,2022-10-14,,
Eu52,Eueides isabella,E_isabella,F,2022-10-05,2022-10-05,,#N/A,,
Dd20,Dryadula,D_phaetusa,F,2022-10-05,2022-10-05,,#N/A,,
Is16,Ismenius bouletti,H_ismenius,F,2022-10-05,2022-10-05,,#N/A,,
Eu53,Eueides isabella,E_isabella,M,2022-10-06,2022-10-06,,#N/A,,
Eu54,Eueides isabella,E_isabella,F,2022-10-06,2022-10-06,,#N/A,,
Eu55,Eueides isabella,E_isabella,M,2022-10-06,2022-10-06,,#N/A,,
D11,Dryas,D_iulia,M,2022-10-06,2022-10-06,,#N/A,,
D12,Dryas,D_iulia,M,2022-10-06,2022-10-06,,#N/A,,
D13,Dryas,D_iulia,M,2022-10-06,2022-10-06,,#N/A,,
D14,Dryas,D_iulia,F,2022-10-07,2022-10-07,,#N/A,,
D15,Dryas,D_iulia,F,2022-10-07,2022-10-07,,#N/A,,
D16,Dryas,D_iulia,M,2022-10-07,2022-10-07,,#N/A,,
D17,Dryas,D_iulia,M,2022-10-07,2022-10-07,,#N/A,,
D18,Dryas,D_iulia,M,2022-10-07,2022-10-07,,#N/A,,
D19,Dryas,D_iulia,F,2022-10-07,2022-10-07,,#N/A,,
Nu84,Numata,H_numata,M,2022-10-07,2022-10-07,4,2022-10-11,,
Nu85,Numata,H_numata,F,2022-10-07,2022-10-07,,#N/A,,
Not3,Erato notabilis,H_erato,M,2022-10-07,2022-10-07,,#N/A,,
Dd21,Dryadula,D_phaetusa,M,2022-10-08,2022-10-08,,#N/A,,
Dd22,Dryadula,D_phaetusa,F,2022-10-08,2022-10-08,,#N/A,,
Eu56,Eueides isabella,E_isabella,M,2022-10-08,2022-10-08,,#N/A,,
D20,Dryas,D_iulia,F,2022-10-08,2022-10-08,,#N/A,,
D22,Dryas,D_iulia,M,2022-10-09,2022-10-10,,#N/A,,
D23,Dryas,D_iulia,F,2022-10-09,2022-10-10,,#N/A,,
D24,Dryas,D_iulia,F,2022-10-10,2022-10-10,,#N/A,,
D25,Dryas,D_iulia,F,2022-10-10,2022-10-10,25,2022-11-04,,
Dd23,Dryadula,D_phaetusa,M,2022-10-10,2022-10-10,,#N/A,,
Dd24,Dryadula,D_phaetusa,M,2022-10-10,2022-10-10,,#N/A,,
Nu86,Numata,H_numata,F,2022-10-10,2022-10-10,15,2022-10-25,,
Nu87,Numata,H_numata,M,2022-10-10,2022-10-10,7,2022-10-17,,
Nu88,Numata,H_numata,F,2022-10-10,2022-10-10,,#N/A,,
Nu89,Numata,H_numata,F,2022-10-10,2022-10-10,,#N/A,,
Nu90,Numata,H_numata,M,2022-10-10,2022-10-10,4,2022-10-14,,
Nu91,Numata,H_numata,F,2022-10-10,2022-10-10,15,2022-10-25,,
H5,Hecale melicerta,H_hecale,F,2022-07-11,2022-10-10,,#N/A,,
Nu92,Numata,H_numata,F,2022-10-12,2022-10-12,6,2022-10-18,,
Ec35,Melpomene ecuadorensis,H_melpomene,M,2022-10-12,2022-10-12,2,2022-10-14,,
Sap56,Sapho sapho,H_sapho,M,2022-10-13,2022-10-13,4,2022-10-17,,
Ec36,Melpomene ecuadorensis,H_melpomene,F,2022-10-13,2022-10-13,4,2022-10-17,,
Nu93,Numata,H_numata,F,2022-10-13,2022-10-13,,#N/A,,
Sap57,Sapho sapho,H_sapho,F,2022-10-14,2022-10-14,11,2022-10-25,,
Sap58,Sapho sapho,H_sapho,M,2022-10-14,2022-10-14,4,2022-10-18,,
Eu57,Eueides isabella,E_isabella,F,2022-10-14,2022-10-14,,#N/A,,
Ec37,Melpomene ecuadorensis,H_melpomene,M,2022-10-14,2022-10-14,11,2022-10-25,,
Ec38,Melpomene ecuadorensis,H_melpomene,M,2022-10-15,2022-10-15,3,2022-10-18,,
Eu58,Eueides isabella,E_isabella,M,2022-10-15,2022-10-15,,#N/A,,
H400,Hecale melicerta,H_hecale,M,2022-10-15,2022-10-15,2,2022-10-17,,
H401,Hecale melicerta,H_hecale,M,2022-10-15,2022-10-15,3,2022-10-18,,
Hew15,Hewitsoni,H_hewitsoni,F,2022-10-16,2022-10-16,,#N/A,,
Sar70,Sara,H_sara,F,2022-10-17,2022-10-17,,#N/A,,
Sar71,Sara,H_sara,F,2022-10-17,2022-10-17,,#N/A,,
D26,Dryas,D_iulia,M,2022-10-17,2022-10-17,,#N/A,,
D27,Dryas,D_iulia,M,2022-10-18,2022-10-18,,#N/A,,
Eu59,Eueides isabella,E_isabella,M,2022-10-21,2022-10-21,,#N/A,,
Is17,Ismenius bouletti,H_ismenius,M,2022-10-22,2022-10-22,,#N/A,,
D275,Dryas,D_iulia,M,2022-08-27,2022-10-21,,#N/A,,
Eu60,Eueides isabella,E_isabella,F,2022-10-23,2022-10-23,,#N/A,,
Ple3,Melpomene plesseni,H_melpomene,F,2022-10-24,2022-10-24,,#N/A,,
Ple4,Melpomene plesseni,H_melpomene,M,2022-10-24,2022-10-24,,#N/A,,
Ec39,Melpomene ecuadorensis,H_melpomene,M,2022-10-24,2022-10-24,1,2022-10-25,,
H402,Hecale melicerta,H_hecale,M,2022-10-25,2022-10-25,,#N/A,,
Ec40,Melpomene ecuadorensis,H_melpomene,M,2022-10-25,2022-10-25,,#N/A,,albino
Ple5,Melpomene plesseni,H_melpomene,M,2022-10-25,2022-10-25,,#N/A,,
Ple6,Melpomene plesseni,H_melpomene,M,2022-10-25,2022-10-25,,#N/A,,
Ple7,Melpomene plesseni,H_melpomene,M,2022-10-25,2022-10-25,,#N/A,,
Ple8,Melpomene plesseni,H_melpomene,F,2022-10-25,2022-10-25,,#N/A,,
Ec41,Melpomene ecuadorensis,H_melpomene,F,2022-10-25,2022-10-25,,#N/A,,
Ec42,Melpomene ecuadorensis,H_melpomene,F,2022-10-25,2022-10-25,,#N/A,,
Cyth1,Melpomene cythera,H_melpomene,M,2022-10-25,2022-10-25,,#N/A,,
Cyth2,Melpomene cythera,H_melpomene,M,2022-10-25,2022-10-25,,#N/A,,
Cyth3,Melpomene cythera,H_melpomene,M,2022-10-25,2022-10-25,13,2022-11-07,,
Not4,Erato notabilis,H_erato,M,2022-10-25,2022-10-25,,#N/A,,
Cyth4,Melpomene cythera,H_melpomene,F,2022-10-25,2022-10-25,13,2022-11-07,,
Cyth5,Melpomene cythera,H_melpomene,M,2022-10-25,2022-10-25,,#N/A,,
Cyth6,Melpomene cythera,H_melpomene,M,2022-10-25,2022-10-25,,#N/A,,
Cyth7,Melpomene cythera,H_melpomene,M,2022-10-25,2022-10-25,,#N/A,,
At32,Atthis,H_atthis,M,2022-10-25,2022-10-25,,#N/A,,
Cyth8,Melpomene cythera,H_melpomene,F,2022-10-25,2022-10-25,13,2022-11-07,,
Ple9,Melpomene plesseni,H_melpomene,M,2022-10-25,2022-10-25,,#N/A,,
Cyth9,Melpomene cythera,H_melpomene,F,2022-10-25,2022-10-25,13,2022-11-07,,
Cyth10,Melpomene cythera,H_melpomene,M,2022-10-25,2022-10-25,,#N/A,,
Ple10,Melpomene plesseni,H_melpomene,M,2022-10-25,2022-10-25,,#N/A,,
Ec44,Melpomene ecuadorensis,H_melpomene,M,2022-10-25,2022-10-25,,#N/A,,
Cyth11,Melpomene cythera,H_melpomene,M,2022-10-25,2022-10-25,,#N/A,,
Cyth12,Melpomene cythera,H_melpomene,F,2022-10-26,2022-10-26,12,2022-11-07,,
Cyth13,Melpomene cythera,H_melpomene,F,2022-10-26,2022-10-26,,#N/A,,
Cyth14,Melpomene cythera,H_melpomene,M,2022-10-26,2022-10-26,,#N/A,,
Cyth15,Melpomene cythera,H_melpomene,F,2022-10-26,2022-10-26,,#N/A,,
Cyth16,Melpomene cythera,H_melpomene,F,2022-10-26,2022-10-26,,#N/A,,
Cyth17,Melpomene cythera,H_melpomene,F,2022-10-26,2022-10-26,12,2022-11-07,,
Cyth18,Melpomene cythera,H_melpomene,F,2022-10-26,2022-10-26,,#N/A,,
Cyth19,Melpomene cythera,H_melpomene,M,2022-10-26,2022-10-26,12,2022-11-07,,
Cyth20,Melpomene cythera,H_melpomene,M,2022-10-26,2022-10-26,,#N/A,,
Cyth21,Melpomene cythera,H_melpomene,F,2022-10-26,2022-10-26,,#N/A,,
Cyth22,Melpomene cythera,H_melpomene,M,2022-10-26,2022-10-26,,#N/A,,
Cyth23,Melpomene cythera,H_melpomene,M,2022-10-26,2022-10-26,,#N/A,,
Cyth24,Melpomene cythera,H_melpomene,F,2022-10-26,2022-10-26,,#N/A,,
Cyth25,Melpomene cythera,H_melpomene,F,2022-10-26,2022-10-26,,#N/A,,
At33,Atthis,H_atthis,F,2022-10-26,2022-10-26,,#N/A,,
H403,Hecale melicerta,H_hecale,F,2022-10-26,2022-10-26,,#N/A,,
H404,Hecale melicerta,H_hecale,M,2022-10-26,2022-10-26,,#N/A,,
H405,Hecale melicerta,H_hecale,F,2022-10-27,2022-10-27,,#N/A,,
H406,Hecale melicerta,H_hecale,M,2022-10-27,2022-10-27,,#N/A,,
H407,Hecale melicerta,H_hecale,M,2022-10-27,2022-10-27,,#N/A,,
Cyd17,Cydno chioneus,H_cydno,M,2022-10-27,2022-10-27,,#N/A,,
Ple11,Melpomene plesseni,H_melpomene,M,2022-10-27,2022-10-27,,#N/A,,
Ple12,Melpomene plesseni,H_melpomene,M,2022-10-27,2022-10-27,,#N/A,,
Ple13,Melpomene plesseni,H_melpomene,M,2022-10-27,2022-10-27,,#N/A,,
Ple14,Melpomene plesseni,H_melpomene,M,2022-10-27,2022-10-27,,#N/A,,
Ple15,Melpomene plesseni,H_melpomene,M,2022-10-27,2022-10-27,,#N/A,,
Ple16,Melpomene plesseni,H_melpomene,M,2022-10-27,2022-10-27,,#N/A,,
Ple17,Melpomene plesseni,H_melpomene,M,2022-10-27,2022-10-27,,#N/A,,
Ple18,Melpomene plesseni,H_melpomene,M,2022-10-27,2022-10-27,,#N/A,,
Ple19,Melpomene plesseni,H_melpomene,M,2022-10-27,2022-10-27,,#N/A,,
Ple20,Melpomene plesseni,H_melpomene,M,2022-10-27,2022-10-27,,#N/A,,
Ple21,Melpomene plesseni,H_melpomene,M,2022-10-27,2022-10-27,,#N/A,,
Is18,Ismenius bouletti,H_ismenius,F,2022-10-27,2022-10-27,,#N/A,,this one actually fasciatus
Zu13,Hecale zuleika,H_hecale,M,2022-10-27,2022-10-27,,#N/A,,impure - cross with melicerta
Ple22,Melpomene plesseni,H_melpomene,M,2022-10-27,2022-10-27,,#N/A,,
Ec45,Melpomene ecuadorensis,H_melpomene,M,2022-10-27,2022-10-27,,#N/A,,
Ec46,Melpomene ecuadorensis,H_melpomene,M,2022-10-27,2022-10-27,31,2022-11-27,,
Ec47,Melpomene ecuadorensis,H_melpomene,M,2022-10-27,2022-10-27,,#N/A,,
Ec48,Melpomene ecuadorensis,H_melpomene,M,2022-10-27,2022-10-27,,#N/A,,
Ec49,Melpomene ecuadorensis,H_melpomene,M,2022-10-27,2022-10-27,,#N/A,,
Ec50,Melpomene ecuadorensis,H_melpomene,M,2022-10-27,2022-10-27,,#N/A,,
Ec51,Melpomene ecuadorensis,H_melpomene,M,2022-10-27,2022-10-27,,#N/A,,
MHy42,Melpomene hybrid,H_melpomene,M,2022-10-27,2022-10-27,,#N/A,,
Cyth26,Melpomene cythera,H_melpomene,M,2022-10-27,2022-10-27,,#N/A,,
Cyth27,Melpomene cythera,H_melpomene,M,2022-10-27,2022-10-27,,#N/A,,
Cyth28,Melpomene cythera,H_melpomene,M,2022-10-27,2022-10-27,,#N/A,,
Cyth29,Melpomene cythera,H_melpomene,M,2022-10-27,2022-10-27,,#N/A,,
Cyth30,Melpomene cythera,H_melpomene,F,2022-10-27,2022-10-27,,#N/A,,
Cyth31,Melpomene cythera,H_melpomene,M,2022-10-27,2022-10-27,,#N/A,,
Cyth32,Melpomene cythera,H_melpomene,M,2022-10-27,2022-10-27,,#N/A,,
Cyth33,Melpomene cythera,H_melpomene,M,2022-10-27,2022-10-27,,#N/A,,
Cyth34,Melpomene cythera,H_melpomene,M,2022-10-27,2022-10-27,,#N/A,,
Cyth35,Melpomene cythera,H_melpomene,F,2022-10-27,2022-10-27,11,2022-11-07,,
Cyth36,Melpomene cythera,H_melpomene,M,2022-10-27,2022-10-27,,#N/A,,
Cyth37,Melpomene cythera,H_melpomene,M,2022-10-27,2022-10-27,,#N/A,,
Cyth38,Melpomene cythera,H_melpomene,M,2022-10-27,2022-10-27,,#N/A,,
Cyth39,Melpomene cythera,H_melpomene,M,2022-10-27,2022-10-27,11,2022-11-07,,
H408,Hecale melicerta,H_hecale,F,2022-10-28,2022-10-28,,#N/A,,
Cyd18,Cydno chioneus,H_cydno,M,2022-10-28,2022-10-28,,#N/A,,
H409,Hecale melicerta,H_hecale,F,2022-10-29,2022-10-29,,#N/A,,
H410,Hecale melicerta,H_hecale,F,2022-10-29,2022-10-29,,#N/A,,
H411,Hecale melicerta,H_hecale,F,2022-10-29,2022-10-29,9,2022-11-07,,
H412,Hecale melicerta,H_hecale,M,2022-10-29,2022-10-29,,#N/A,,
H413,Hecale melicerta,H_hecale,M,2022-10-29,2022-10-29,,#N/A,,
H414,Hecale melicerta,H_hecale,F,2022-10-29,2022-10-29,,#N/A,,
H415,Hecale melicerta,H_hecale,F,2022-10-29,2022-10-29,,#N/A,,
H416,Hecale melicerta,H_hecale,M,2022-10-29,2022-10-29,,#N/A,,
H417,Hecale melicerta,H_hecale,F,2022-10-29,2022-10-29,,#N/A,,
H418,Hecale melicerta,H_hecale,F,2022-10-30,2022-10-30,,#N/A,,
Dd25,Dryadula,D_phaetusa,M,2022-10-31,2022-10-31,,#N/A,,
Dd26,Dryadula,D_phaetusa,M,2022-10-31,2022-10-31,7,2022-11-07,,
Dd27,Dryadula,D_phaetusa,M,2022-10-31,2022-10-31,,#N/A,,
Dd28,Dryadula,D_phaetusa,M,2022-10-31,2022-10-31,,#N/A,,
Dd29,Dryadula,D_phaetusa,F,2022-10-31,2022-10-31,7,2022-11-07,,
Zu14,Hecale zuleika,H_hecale,F,2022-10-31,2022-10-31,,#N/A,,
Ple23,Melpomene plesseni,H_melpomene,M,2022-10-31,2022-10-31,,#N/A,,
Ec52,Melpomene ecuadorensis,H_melpomene,M,2022-10-31,2022-10-31,,#N/A,,
EHy3,Erato hybrid,H_erato,F,2022-10-31,2022-10-31,,#N/A,,demophoon/etylus
Dd30,Dryadula,D_phaetusa,F,2022-11-01,2022-11-01,6,2022-11-07,,
H419,Hecale melicerta,H_hecale,M,2022-11-03,2022-11-03,,#N/A,,
H420,Hecale melicerta,H_hecale,F,2022-11-03,2022-11-03,4,2022-11-07,,
D29,Dryas,D_iulia,M,2022-11-04,2022-11-04,,#N/A,,
H421,Hecale melicerta,H_hecale,F,2022-11-05,2022-11-05,,#N/A,,
H179,Hecale melicerta,H_hecale,M,2022-09-27,2022-11-07,,#N/A,,completed cognitive
H180,Hecale melicerta,H_hecale,M,2022-09-27,2022-11-07,,#N/A,,completed cognitive
H172,Hecale melicerta,H_hecale,M,2022-09-15,2022-11-07,,#N/A,,completed cognitive
H422,Hecale melicerta,H_hecale,M,2022-11-07,2022-11-07,,#N/A,,
H423,Hecale melicerta,H_hecale,F,2022-11-07,2022-11-07,0,2022-11-07,,
D30,Dryas,D_iulia,M,2022-11-07,2022-11-07,,#N/A,,
D31,Dryas,D_iulia,M,2022-11-08,2022-11-08,,#N/A,,
D32,Dryas,D_iulia,M,2022-11-08,2022-11-08,,#N/A,,
H424,Hecale melicerta,H_hecale,F,2022-11-08,2022-11-08,15,2022-11-23,,
H425,Hecale melicerta,H_hecale,M,2022-11-09,2022-11-09,14,2022-11-23,,
E35,Erato demophoon,H_erato,M,2022-11-09,2022-11-10,,#N/A,,
E36,Erato demophoon,H_erato,F,2022-11-09,2022-11-10,,#N/A,,
Not5,Erato notabilis,H_erato,M,2022-11-09,2022-11-10,,#N/A,,
D33,Dryas,D_iulia,M,2022-11-10,2022-11-10,,#N/A,,
D34,Dryas,D_iulia,M,2022-10-11,2022-10-11,,#N/A,,
Ec53,Melpomene ecuadorensis,H_melpomene,M,2022-11-23,2022-11-23,,#N/A,,
Ec54,Melpomene ecuadorensis,H_melpomene,M,2022-11-23,2022-11-23,6,2022-11-29,,
Ec55,Melpomene ecuadorensis,H_melpomene,M,2022-11-23,2022-11-23,6,2022-11-29,,
Ec56,Melpomene ecuadorensis,H_melpomene,M,2022-11-23,2022-11-23,,#N/A,,
Ec57,Melpomene ecuadorensis,H_melpomene,M,2022-11-23,2022-11-23,,#N/A,,
Ec58,Melpomene ecuadorensis,H_melpomene,M,2022-11-23,2022-11-23,,#N/A,,
Ec59,Melpomene ecuadorensis,H_melpomene,M,2022-11-24,2022-11-24,,#N/A,,
Ec60,Melpomene ecuadorensis,H_melpomene,M,2022-11-24,2022-11-24,,#N/A,,
Ec61,Melpomene ecuadorensis,H_melpomene,M,2022-11-24,2022-11-24,,#N/A,,
Ec62,Melpomene ecuadorensis,H_melpomene,M,2022-11-24,2022-11-24,,#N/A,,
Ec63,Melpomene ecuadorensis,H_melpomene,M,2022-11-24,2022-11-24,,#N/A,,
Ec64,Melpomene ecuadorensis,H_melpomene,M,2022-11-24,2022-11-24,,#N/A,,
Ec65,Melpomene ecuadorensis,H_melpomene,M,2022-11-24,2022-11-24,,#N/A,,
Ec66,Melpomene ecuadorensis,H_melpomene,M,2022-11-24,2022-11-24,,#N/A,,
Ec67,Melpomene ecuadorensis,H_melpomene,M,2022-11-24,2022-11-24,,#N/A,,
Ec68,Melpomene ecuadorensis,H_melpomene,M,2022-11-24,2022-11-24,,#N/A,,
Ec69,Melpomene ecuadorensis,H_melpomene,M,2022-11-24,2022-11-24,,#N/A,,
Ec70,Melpomene ecuadorensis,H_melpomene,M,2022-11-24,2022-11-24,4,2022-11-28,,
Ec71,Melpomene ecuadorensis,H_melpomene,M,2022-11-24,2022-11-24,,#N/A,,
Cyth40,Melpomene cythera,H_melpomene,M,2022-11-24,2022-11-24,,#N/A,,
Cyth41,Melpomene cythera,H_melpomene,M,2022-11-24,2022-11-24,,#N/A,,
Ple24,Melpomene plesseni,H_melpomene,M,2022-11-24,2022-11-24,,#N/A,,
Ple25,Melpomene plesseni,H_melpomene,M,2022-11-24,2022-11-24,,#N/A,,
Ple26,Melpomene plesseni,H_melpomene,M,2022-11-24,2022-11-24,,#N/A,,
Ec72,Melpomene ecuadorensis,H_melpomene,M,2022-11-25,2022-11-25,,#N/A,,
Ec73,Melpomene ecuadorensis,H_melpomene,M,2022-11-25,2022-11-25,,#N/A,,
Ec74,Melpomene ecuadorensis,H_melpomene,M,2022-11-25,2022-11-25,,#N/A,,
Ec75,Melpomene ecuadorensis,H_melpomene,M,2022-11-25,2022-11-25,,#N/A,,
Cyth42,Melpomene cythera,H_melpomene,M,2022-11-25,2022-11-25,,#N/A,,
Cyth43,Melpomene cythera,H_melpomene,F,2022-11-25,2022-11-25,,#N/A,,
Cyth44,Melpomene cythera,H_melpomene,M,2022-11-25,2022-11-25,,#N/A,,
Cyth45,Melpomene cythera,H_melpomene,M,2022-11-25,2022-11-25,3,2022-11-28,,
Cyth46,Melpomene cythera,H_melpomene,M,2022-11-25,2022-11-25,,#N/A,,
Cyth47,Melpomene cythera,H_melpomene,F,2022-11-25,2022-11-25,,#N/A,,
Cyth48,Melpomene cythera,H_melpomene,F,2022-11-25,2022-11-25,,#N/A,,
Cyth49,Melpomene cythera,H_melpomene,M,2022-11-25,2022-11-25,,#N/A,,
Cyth50,Melpomene cythera,H_melpomene,M,2022-11-25,2022-11-25,,#N/A,,
Cyth51,Melpomene cythera,H_melpomene,M,2022-11-25,2022-11-25,,#N/A,,
Cyth52,Melpomene cythera,H_melpomene,M,2022-11-25,2022-11-25,,#N/A,,
Cyth53,Melpomene cythera,H_melpomene,M,2022-11-25,2022-11-25,,#N/A,,
Cyth54,Melpomene cythera,H_melpomene,M,2022-11-25,2022-11-25,,#N/A,,
Cyth55,Melpomene cythera,H_melpomene,M,2022-11-25,2022-11-25,,#N/A,,
Cyth56,Melpomene cythera,H_melpomene,F,2022-11-25,2022-11-25,,#N/A,,
Cyth57,Melpomene cythera,H_melpomene,M,2022-11-25,2022-11-25,,#N/A,,
Cyth58,Melpomene cythera,H_melpomene,M,2022-11-25,2022-11-25,,#N/A,,
Cyth59,Melpomene cythera,H_melpomene,M,2022-11-25,2022-11-25,,#N/A,,
Cyth60,Melpomene cythera,H_melpomene,M,2022-11-25,2022-11-25,,#N/A,,
Cyth61,Melpomene cythera,H_melpomene,M,2022-11-25,2022-11-25,,#N/A,,
Cyth62,Melpomene cythera,H_melpomene,M,2022-11-25,2022-11-25,,#N/A,,
Cyth63,Melpomene cythera,H_melpomene,M,2022-11-25,2022-11-25,,#N/A,,
Ple27,Melpomene plesseni,H_melpomene,M,2022-11-25,2022-11-25,,#N/A,,
Cyth64,Melpomene cythera,H_melpomene,M,2022-11-26,2022-11-26,2,2022-11-28,,
Cyth65,Melpomene cythera,H_melpomene,M,2022-11-26,2022-11-26,,#N/A,,
Cyth66,Melpomene cythera,H_melpomene,M,2022-11-26,2022-11-26,2,2022-11-28,,
Cyth67,Melpomene cythera,H_melpomene,M,2022-11-26,2022-11-26,,#N/A,,
Cyth68,Melpomene cythera,H_melpomene,M,2022-11-26,2022-11-26,,#N/A,,
Cyth69,Melpomene cythera,H_melpomene,M,2022-11-26,2022-11-26,,#N/A,,
Cyth70,Melpomene cythera,H_melpomene,M,2022-11-26,2022-11-26,,#N/A,,
Cyth71,Melpomene cythera,H_melpomene,M,2022-11-26,2022-11-26,,#N/A,,
Cyth72,Melpomene cythera,H_melpomene,M,2022-11-26,2022-11-26,,#N/A,,
Cyth73,Melpomene cythera,H_melpomene,M,2022-11-26,2022-11-26,,#N/A,,
Cyth74,Melpomene cythera,H_melpomene,F,2022-11-26,2022-11-26,,#N/A,,
Cyth75,Melpomene cythera,H_melpomene,M,2022-11-26,2022-11-26,,#N/A,,
Cyth76,Melpomene cythera,H_melpomene,M,2022-11-26,2022-11-26,,#N/A,,
Cyth77,Melpomene cythera,H_melpomene,F,2022-11-26,2022-11-26,,#N/A,,
Ec76,Melpomene ecuadorensis,H_melpomene,M,2022-11-26,2022-11-26,,#N/A,,
Ec77,Melpomene ecuadorensis,H_melpomene,M,2022-11-26,2022-11-26,,#N/A,,
Ec78,Melpomene ecuadorensis,H_melpomene,M,2022-11-26,2022-11-26,,#N/A,,
Ec79,Melpomene ecuadorensis,H_melpomene,M,2022-11-26,2022-11-26,,#N/A,,
Ec80,Melpomene ecuadorensis,H_melpomene,M,2022-11-26,2022-11-26,,#N/A,,
Ple28,Melpomene plesseni,H_melpomene,M,2022-11-26,2022-11-26,,#N/A,,
Ple29,Melpomene plesseni,H_melpomene,M,2022-11-26,2022-11-26,,#N/A,,
Ple30,Melpomene plesseni,H_melpomene,M,2022-11-26,2022-11-26,,#N/A,,
Sap59,Sapho sapho,H_sapho,M,2023-01-06,2023-01-06,3,2023-01-09,,
Sap60,Sapho sapho,H_sapho,M,2023-01-06,2023-01-06,,#N/A,,
Sap61,Sapho sapho,H_sapho,M,2023-01-06,2023-01-06,,#N/A,,
Sap62,Sapho sapho,H_sapho,M,2023-01-06,2023-01-06,,#N/A,,
Sap63,Sapho sapho,H_sapho,M,2023-01-06,2023-01-06,,#N/A,,
Sap64,Sapho sapho,H_sapho,M,2023-01-06,2023-01-06,,#N/A,,
Sap65,Sapho sapho,H_sapho,M,2023-01-06,2023-01-06,,#N/A,,
Sap66,Sapho sapho,H_sapho,M,2023-01-06,2023-01-06,,#N/A,,
Sap67,Sapho sapho,H_sapho,M,2023-01-06,2023-01-06,3,2023-01-09,,
Sap68,Sapho sapho,H_sapho,F,2023-01-06,2023-01-06,3,2023-01-09,,
Sap69,Sapho sapho,H_sapho,M,2023-01-06,2023-01-06,,#N/A,,
Sap70,Sapho sapho,H_sapho,M,2023-01-06,2023-01-06,,#N/A,,
Sap71,Sapho sapho,H_sapho,F,2023-01-06,2023-01-06,,#N/A,,
Sap72,Sapho sapho,H_sapho,F,2023-01-06,2023-01-06,,#N/A,,
Sap73,Sapho sapho,H_sapho,F,2023-01-06,2023-01-06,,#N/A,,
Sap74,Sapho sapho,H_sapho,F,2023-01-06,2023-01-06,,#N/A,,
Sap75,Sapho sapho,H_sapho,M,2023-01-06,2023-01-06,3,2023-01-09,,
Sap76,Sapho sapho,H_sapho,F,2023-01-06,2023-01-06,,#N/A,,
Sap77,Sapho sapho,H_sapho,M,2023-01-06,2023-01-06,3,2023-01-09,,
Sap78,Sapho sapho,H_sapho,M,2023-01-06,2023-01-06,,#N/A,,
Sap79,Sapho sapho,H_sapho,M,2023-01-06,2023-01-06,,#N/A,,
Sap80,Sapho sapho,H_sapho,M,2023-01-06,2023-01-06,,#N/A,,
Sap81,Sapho sapho,H_sapho,M,2023-01-06,2023-01-06,,#N/A,,
