assay,pair,group,replicate,observed_pearson_r
aromatic_serine_mutant_scores,hnRNPAB-TIA1,FYW(Rich)&S(Poor),1,-0.060909
aromatic_serine_mutant_scores,hnRNPAB-TIA1,FYW(Rich)&S(Poor),2,-0.043746
aromatic_serine_mutant_scores,hnRNPAB-TIA1,FYW(Rich)&S(Poor),3,-0.085455
aromatic_serine_mutant_scores,hnRNPAB-TIA1,FYW(Rich)&S(Poor),4,0.186959
aromatic_serine_mutant_scores,hnRNPAB-TIA1,FYW(Rich)&S(Poor),5,0.089104
aromatic_serine_mutant_scores,hnRNPAB-TIA1,FYW(Rich)&S(Poor),6,0.220452
aromatic_serine_mutant_scores,hnRNPAB-TIA1,FYW(Rich)&S(Poor),7,0.106077
aromatic_serine_mutant_scores,hnRNPAB-TIA1,FYW(Rich)&S(+),1,0.968854
aromatic_serine_mutant_scores,hnRNPAB-TIA1,FYW(Rich)&S(+),2,0.964349
aromatic_serine_mutant_scores,hnRNPAB-TIA1,FYW(Rich)&S(+),3,0.755932
aromatic_serine_mutant_scores,hnRNPAB-TIA1,FYW(Rich)&S(+),4,0.661056
aromatic_serine_mutant_scores,hnRNPAB-TIA1,FYW(Rich)&S(+),5,0.810393
aromatic_serine_mutant_scores,hnRNPAB-TIA1,FYW(Rich)&S(+),6,0.697281
aromatic_serine_mutant_scores,hnRNPAB-TIA1,FYW(Rich)&S(+),7,0.917853
aromatic_serine_mutant_scores,hnRNPAB-TIA1,FYW(Rich)&S(+),8,0.969108
aromatic_serine_mutant_scores,hnRNPAB-TIA1,FYW(Rich)&S(+),9,0.937155
aromatic_serine_mutant_scores,hnRNPAB-TIA1,FYW(Rich)&S(+),10,0.570182
aromatic_serine_mutant_scores,hnRNPAB-TIA1,FYW(Rich)&S(+),11,0.971018
aromatic_serine_mutant_scores,hnRNPAB-TIA1,FYW(Rich)&S(+),12,0.905695
aromatic_serine_mutant_scores,hnRNPAB-TIA1,FYW(Rich)&S(+),13,0.796567
aromatic_serine_mutant_scores,hnRNPAB-TIA1,FYW(Rich)&S(+),14,0.451322
aromatic_serine_mutant_scores,hnRNPAB-TIA1,FYW(Rich)&S(+),15,0.843254
aromatic_serine_mutant_scores,hnRNPAB-TIA1,FYW(Rich)&S(+),16,0.961256
aromatic_serine_mutant_scores,hnRNPAB-TIA1,FYW(Rich)&S(+),17,0.748225
aromatic_serine_mutant_scores,hnRNPAB-TIA1,FYW(Rich)&S(+),18,0.723868
aromatic_serine_mutant_scores,hnRNPAB-TIA1,FYW(Rich)&S(+),19,0.844331
aromatic_serine_mutant_scores,hnRNPAB-TIA1,FYW(Rich)&S(+),20,0.623649
aromatic_serine_mutant_scores,hnRNPAB-TIA1,FYW(Rich)&S(+),21,0.976593
aromatic_serine_mutant_scores,hnRNPAB-TIA1,FYW(Rich)&S(+),22,0.816238
aromatic_serine_mutant_scores,hnRNPAB-TIA1,FYW(Rich)&S(+),23,0.970855
aromatic_serine_mutant_scores,hnRNPAB-TIA1,FYW(Rich)&S(+),24,0.811616
aromatic_serine_mutant_scores,hnRNPAB-TIA1,FYW(Rich)&S(+),25,0.699538
aromatic_serine_mutant_scores,hnRNPAB-TIA1,FYW(Rich)&S(+),26,0.845818
aromatic_serine_mutant_scores,hnRNPAB-TIA1,FYW(Rich)&S(+),27,0.921986
aromatic_serine_mutant_scores,hnRNPAB-TIA1,FYW(Rich)&S(+),28,0.440989
aromatic_serine_mutant_scores,hnRNPAB-TIA1,FYW(Rich)&S(+),29,0.659458
aromatic_serine_mutant_scores,hnRNPAB-TIA1,FYW(Rich)&S(+),30,0.450381
aromatic_serine_mutant_scores,hnRNPAB-TIA1,FYW(Rich)&S(+),31,0.444206
aromatic_serine_mutant_scores,hnRNPAB-TIA1,FYW(Rich)&S(+),32,0.855547
aromatic_serine_mutant_scores,hnRNPAB-TIA1,FYW(Rich)&S(+),33,0.883599
aromatic_serine_mutant_scores,hnRNPAB-TIA1,FYW(Rich)&S(+),34,0.486106
aromatic_serine_mutant_scores,hnRNPAB-TIA1,FYW(Rich)&S(+),35,0.61729
aromatic_serine_mutant_scores,hnRNPAB-TIA1,FYW(Rich)&S(+),36,0.521393
aromatic_serine_mutant_scores,hnRNPAB-TIA1,FYW(Rich)&S(+),37,0.922691
aromatic_serine_mutant_scores,hnRNPAB-TIA1,FYW(Rich)&S(+),38,0.368855
aromatic_serine_mutant_scores,hnRNPAB-TIA1,FYW(Rich)&S(+),39,0.611745
aromatic_serine_mutant_scores,hnRNPAB-hnRNPD,FYW(Rich)&S(Poor),1,0.318918
aromatic_serine_mutant_scores,hnRNPAB-hnRNPD,FYW(Rich)&S(Poor),2,0.436913
aromatic_serine_mutant_scores,hnRNPAB-hnRNPD,FYW(Rich)&S(Poor),3,0.450903
aromatic_serine_mutant_scores,hnRNPAB-hnRNPD,FYW(Rich)&S(Poor),4,0.289086
aromatic_serine_mutant_scores,hnRNPAB-hnRNPD,FYW(Rich)&S(Poor),5,0.439743
aromatic_serine_mutant_scores,hnRNPAB-hnRNPD,FYW(Rich)&S(Poor),6,0.519635
aromatic_serine_mutant_scores,hnRNPAB-hnRNPD,FYW(Rich)&S(+),1,0.957151
aromatic_serine_mutant_scores,hnRNPAB-hnRNPD,FYW(Rich)&S(+),2,0.989623
aromatic_serine_mutant_scores,hnRNPAB-hnRNPD,FYW(Rich)&S(+),3,0.972599
aromatic_serine_mutant_scores,hnRNPAB-hnRNPD,FYW(Rich)&S(+),4,0.97204
aromatic_serine_mutant_scores,hnRNPAB-hnRNPD,FYW(Rich)&S(+),5,0.979193
aromatic_serine_mutant_scores,hnRNPAB-hnRNPD,FYW(Rich)&S(+),6,0.974926
aromatic_serine_mutant_scores,hnRNPAB-hnRNPD,FYW(Rich)&S(+),7,0.980382
aromatic_serine_mutant_scores,hnRNPAB-hnRNPD,FYW(Rich)&S(+),8,0.978735
aromatic_serine_mutant_scores,hnRNPAB-hnRNPD,FYW(Rich)&S(+),9,0.979018
aromatic_serine_mutant_scores,hnRNPAB-hnRNPD,FYW(Rich)&S(+),10,0.980405
aromatic_serine_mutant_scores,hnRNPAB-hnRNPD,FYW(Rich)&S(+),11,0.978843
aromatic_serine_mutant_scores,hnRNPAB-hnRNPD,FYW(Rich)&S(+),12,0.968687
aromatic_serine_mutant_scores,hnRNPAB-hnRNPD,FYW(Rich)&S(+),13,0.962819
aromatic_serine_mutant_scores,hnRNPAB-hnRNPD,FYW(Rich)&S(+),14,0.96556
aromatic_serine_mutant_scores,hnRNPAB-hnRNPD,FYW(Rich)&S(+),15,0.988725
aromatic_serine_mutant_scores,hnRNPAB-hnRNPD,FYW(Rich)&S(+),16,0.979674
aromatic_serine_mutant_scores,hnRNPAB-hnRNPD,FYW(Rich)&S(+),17,0.978559
aromatic_serine_mutant_scores,hnRNPAB-hnRNPD,FYW(Rich)&S(+),18,0.975454
aromatic_serine_mutant_scores,hnRNPAB-hnRNPD,FYW(Rich)&S(+),19,0.980319
aromatic_serine_mutant_scores,hnRNPAB-hnRNPD,FYW(Rich)&S(+),20,0.985676
aromatic_serine_mutant_scores,hnRNPAB-hnRNPD,FYW(Rich)&S(+),21,0.985196
aromatic_serine_mutant_scores,hnRNPAB-hnRNPD,FYW(Rich)&S(+),22,0.989487
aromatic_serine_mutant_scores,hnRNPAB-hnRNPD,FYW(Rich)&S(+),23,0.984188
aromatic_serine_mutant_scores,hnRNPAB-hnRNPDL,FYW(Rich)&S(Poor),1,0.138322
aromatic_serine_mutant_scores,hnRNPAB-hnRNPDL,FYW(Rich)&S(Poor),2,0.298927
aromatic_serine_mutant_scores,hnRNPAB-hnRNPDL,FYW(Rich)&S(Poor),3,0.422908
aromatic_serine_mutant_scores,hnRNPAB-hnRNPDL,FYW(Rich)&S(Poor),4,0.291738
aromatic_serine_mutant_scores,hnRNPAB-hnRNPDL,FYW(Rich)&S(Poor),5,0.427788
aromatic_serine_mutant_scores,hnRNPAB-hnRNPDL,FYW(Rich)&S(+),1,0.947016
aromatic_serine_mutant_scores,hnRNPAB-hnRNPDL,FYW(Rich)&S(+),2,0.602054
aromatic_serine_mutant_scores,hnRNPAB-hnRNPDL,FYW(Rich)&S(+),3,0.897702
aromatic_serine_mutant_scores,hnRNPAB-hnRNPDL,FYW(Rich)&S(+),4,0.990463
aromatic_serine_mutant_scores,hnRNPAB-hnRNPDL,FYW(Rich)&S(+),5,0.979505
aromatic_serine_mutant_scores,hnRNPAB-hnRNPDL,FYW(Rich)&S(+),6,0.98629
aromatic_serine_mutant_scores,hnRNPAB-hnRNPDL,FYW(Rich)&S(+),7,0.978967
aromatic_serine_mutant_scores,hnRNPAB-hnRNPDL,FYW(Rich)&S(+),8,0.971404
aromatic_serine_mutant_scores,hnRNPAB-hnRNPDL,FYW(Rich)&S(+),9,0.963651
aromatic_serine_mutant_scores,hnRNPAB-hnRNPDL,FYW(Rich)&S(+),10,0.973147
aromatic_serine_mutant_scores,hnRNPAB-hnRNPDL,FYW(Rich)&S(+),11,0.985668
aromatic_serine_mutant_scores,hnRNPAB-hnRNPDL,FYW(Rich)&S(+),12,0.949139
aromatic_serine_mutant_scores,hnRNPAB-hnRNPDL,FYW(Rich)&S(+),13,0.955709
aromatic_serine_mutant_scores,hnRNPAB-hnRNPDL,FYW(Rich)&S(+),14,0.970964
aromatic_serine_mutant_scores,hnRNPAB-hnRNPDL,FYW(Rich)&S(+),15,0.949899
aromatic_serine_mutant_scores,hnRNPAB-hnRNPDL,FYW(Rich)&S(+),16,0.887203
aromatic_serine_mutant_scores,hnRNPAB-hnRNPDL,FYW(Rich)&S(+),17,0.961083
aromatic_serine_mutant_scores,hnRNPAB-hnRNPDL,FYW(Rich)&S(+),18,0.98111
aromatic_serine_mutant_scores,hnRNPAB-hnRNPDL,FYW(Rich)&S(+),19,0.953723
aromatic_serine_mutant_scores,hnRNPAB-hnRNPDL,FYW(Rich)&S(+),20,0.949661
aromatic_serine_mutant_scores,hnRNPAB-hnRNPDL,FYW(Rich)&S(+),21,0.970727
aromatic_serine_mutant_scores,hnRNPAB-hnRNPDL,FYW(Rich)&S(+),22,0.975239
aromatic_serine_mutant_scores,hnRNPAB-hnRNPDL,FYW(Rich)&S(+),23,0.967222
aromatic_serine_mutant_scores,hnRNPAB-hnRNPDL,FYW(Rich)&S(+),24,0.959016
aromatic_serine_mutant_scores,hnRNPAB-hnRNPDL,FYW(Rich)&S(+),25,0.851136
aromatic_serine_mutant_scores,hnRNPAB-hnRNPDL,FYW(Rich)&S(+),26,0.871449
aromatic_serine_mutant_scores,hnRNPAB-hnRNPDL,FYW(Rich)&S(+),27,0.937002
aromatic_serine_mutant_scores,hnRNPAB-hnRNPDL,FYW(Rich)&S(+),28,0.957386
aromatic_serine_mutant_scores,hnRNPAB-hnRNPDL,FYW(Rich)&S(+),29,0.978041
aromatic_serine_mutant_scores,hnRNPA3-hnRNPDL,FYW(Rich)&S(Poor),1,0.245981
aromatic_serine_mutant_scores,hnRNPA3-hnRNPDL,FYW(Rich)&S(Poor),2,0.512801
aromatic_serine_mutant_scores,hnRNPA3-hnRNPDL,FYW(Rich)&S(Poor),3,0.266839
aromatic_serine_mutant_scores,hnRNPA3-hnRNPDL,FYW(Rich)&S(Poor),4,0.215956
aromatic_serine_mutant_scores,hnRNPA3-hnRNPDL,FYW(Rich)&S(Poor),5,0.422297
aromatic_serine_mutant_scores,hnRNPA3-hnRNPDL,FYW(Rich)&S(+),1,0.439808
aromatic_serine_mutant_scores,hnRNPA3-hnRNPDL,FYW(Rich)&S(+),2,0.713246
aromatic_serine_mutant_scores,hnRNPA3-hnRNPDL,FYW(Rich)&S(+),3,0.559547
aromatic_serine_mutant_scores,hnRNPA3-hnRNPDL,FYW(Rich)&S(+),4,0.775403
aromatic_serine_mutant_scores,hnRNPA3-hnRNPDL,FYW(Rich)&S(+),5,0.907596
aromatic_serine_mutant_scores,hnRNPA3-hnRNPDL,FYW(Rich)&S(+),6,0.916003
aromatic_serine_mutant_scores,hnRNPA3-hnRNPDL,FYW(Rich)&S(+),7,0.883745
aromatic_serine_mutant_scores,hnRNPA3-hnRNPDL,FYW(Rich)&S(+),8,0.731006
aromatic_serine_mutant_scores,hnRNPA3-hnRNPDL,FYW(Rich)&S(+),9,0.743773
aromatic_serine_mutant_scores,hnRNPA3-hnRNPDL,FYW(Rich)&S(+),10,0.62499
aromatic_serine_mutant_scores,hnRNPA3-hnRNPDL,FYW(Rich)&S(+),11,0.339831
aromatic_serine_mutant_scores,hnRNPA3-hnRNPDL,FYW(Rich)&S(+),12,0.64377
aromatic_serine_mutant_scores,hnRNPA3-hnRNPDL,FYW(Rich)&S(+),13,0.748276
aromatic_serine_mutant_scores,hnRNPA3-hnRNPDL,FYW(Rich)&S(+),14,0.508412
aromatic_serine_mutant_scores,hnRNPA3-hnRNPDL,FYW(Rich)&S(+),15,0.492548
aromatic_serine_mutant_scores,hnRNPA3-hnRNPDL,FYW(Rich)&S(+),16,0.735159
aromatic_serine_mutant_scores,hnRNPA3-hnRNPDL,FYW(Rich)&S(+),17,0.48591
aromatic_serine_mutant_scores,hnRNPA3-hnRNPDL,FYW(Rich)&S(+),18,0.543697
aromatic_serine_mutant_scores,hnRNPA3-hnRNPDL,FYW(Rich)&S(+),19,0.451104
aromatic_serine_mutant_scores,hnRNPA3-hnRNPDL,FYW(Rich)&S(+),20,0.620962
aromatic_serine_mutant_scores,hnRNPA3-hnRNPDL,FYW(Rich)&S(+),21,0.76933
aromatic_serine_mutant_scores,hnRNPA3-hnRNPDL,FYW(Rich)&S(+),22,0.693263
aromatic_serine_mutant_scores,hnRNPA3-hnRNPDL,FYW(Rich)&S(+),23,0.845522
aromatic_serine_mutant_scores,hnRNPA3-hnRNPDL,FYW(Rich)&S(+),24,0.862573
aromatic_serine_mutant_scores,hnRNPA3-hnRNPDL,FYW(Rich)&S(+),25,0.876136
aromatic_serine_mutant_scores,hnRNPA3-hnRNPDL,FYW(Rich)&S(+),26,0.819465
aromatic_serine_mutant_scores,hnRNPA3-hnRNPDL,FYW(Rich)&S(+),27,0.822711
aromatic_serine_mutant_scores,hnRNPA3-hnRNPDL,FYW(Rich)&S(+),28,0.762919
aromatic_serine_mutant_scores,hnRNPA3-hnRNPDL,FYW(Rich)&S(+),29,0.681729
aromatic_serine_mutant_scores,hnRNPA3-hnRNPDL,FYW(Rich)&S(+),30,0.634596
aromatic_serine_mutant_scores,TAF15(IDR2)-TIA1,FYW(Rich)&S(Poor),1,0.140848
aromatic_serine_mutant_scores,TAF15(IDR2)-TIA1,FYW(Rich)&S(Poor),2,0.265337
aromatic_serine_mutant_scores,TAF15(IDR2)-TIA1,FYW(Rich)&S(Poor),3,0.19547
aromatic_serine_mutant_scores,TAF15(IDR2)-TIA1,FYW(Rich)&S(Poor),4,0.392405
aromatic_serine_mutant_scores,TAF15(IDR2)-TIA1,FYW(Rich)&S(Poor),5,0.449371
aromatic_serine_mutant_scores,TAF15(IDR2)-TIA1,FYW(Rich)&S(+),1,0.722053
aromatic_serine_mutant_scores,TAF15(IDR2)-TIA1,FYW(Rich)&S(+),2,0.706289
aromatic_serine_mutant_scores,TAF15(IDR2)-TIA1,FYW(Rich)&S(+),3,0.545838
aromatic_serine_mutant_scores,TAF15(IDR2)-TIA1,FYW(Rich)&S(+),4,0.561247
aromatic_serine_mutant_scores,TAF15(IDR2)-TIA1,FYW(Rich)&S(+),5,0.598856
aromatic_serine_mutant_scores,TAF15(IDR2)-TIA1,FYW(Rich)&S(+),6,0.411986
aromatic_serine_mutant_scores,TAF15(IDR2)-TIA1,FYW(Rich)&S(+),7,0.538066
aromatic_serine_mutant_scores,TAF15(IDR2)-TIA1,FYW(Rich)&S(+),8,0.391449
aromatic_serine_mutant_scores,TAF15(IDR2)-TIA1,FYW(Rich)&S(+),9,0.534743
aromatic_serine_mutant_scores,TAF15(IDR2)-TIA1,FYW(Rich)&S(+),10,0.690994
aromatic_serine_mutant_scores,TAF15(IDR2)-TIA1,FYW(Rich)&S(+),11,0.642903
aromatic_serine_mutant_scores,TAF15(IDR2)-TIA1,FYW(Rich)&S(+),12,0.643709
aromatic_serine_mutant_scores,TAF15(IDR2)-TIA1,FYW(Rich)&S(+),13,0.601454
aromatic_serine_mutant_scores,TAF15(IDR2)-TIA1,FYW(Rich)&S(+),14,0.940582
aromatic_serine_mutant_scores,TAF15(IDR2)-TIA1,FYW(Rich)&S(+),15,0.665681
aromatic_serine_mutant_scores,TAF15(IDR2)-TIA1,FYW(Rich)&S(+),16,0.787513
aromatic_serine_mutant_scores,TAF15(IDR2)-TIA1,FYW(Rich)&S(+),17,0.589695
aromatic_serine_mutant_scores,hnRNPD-TAF15(IDR2),FYW(Rich)&S(Poor),1,0.060372
aromatic_serine_mutant_scores,hnRNPD-TAF15(IDR2),FYW(Rich)&S(Poor),2,-0.049799
aromatic_serine_mutant_scores,hnRNPD-TAF15(IDR2),FYW(Rich)&S(Poor),3,-0.04731
aromatic_serine_mutant_scores,hnRNPD-TAF15(IDR2),FYW(Rich)&S(Poor),4,0.185613
aromatic_serine_mutant_scores,hnRNPD-TAF15(IDR2),FYW(Rich)&S(Poor),5,0.061723
aromatic_serine_mutant_scores,hnRNPD-TAF15(IDR2),FYW(Rich)&S(Poor),6,0.166932
aromatic_serine_mutant_scores,hnRNPD-TAF15(IDR2),FYW(Rich)&S(Poor),7,0.144654
aromatic_serine_mutant_scores,hnRNPD-TAF15(IDR2),FYW(Rich)&S(Poor),8,0.121899
aromatic_serine_mutant_scores,hnRNPD-TAF15(IDR2),FYW(Rich)&S(Poor),9,0.10509
aromatic_serine_mutant_scores,hnRNPD-TAF15(IDR2),FYW(Rich)&S(+),1,0.465335
aromatic_serine_mutant_scores,hnRNPD-TAF15(IDR2),FYW(Rich)&S(+),2,0.12495
aromatic_serine_mutant_scores,hnRNPD-TAF15(IDR2),FYW(Rich)&S(+),3,0.481557
aromatic_serine_mutant_scores,hnRNPD-TAF15(IDR2),FYW(Rich)&S(+),4,0.223309
aromatic_serine_mutant_scores,hnRNPD-TAF15(IDR2),FYW(Rich)&S(+),5,-0.012904
aromatic_serine_mutant_scores,hnRNPD-TAF15(IDR2),FYW(Rich)&S(+),6,0.190003
aromatic_serine_mutant_scores,hnRNPD-TAF15(IDR2),FYW(Rich)&S(+),7,0.217141
aromatic_serine_mutant_scores,hnRNPD-TAF15(IDR2),FYW(Rich)&S(+),8,0.094016
aromatic_serine_mutant_scores,hnRNPD-TAF15(IDR2),FYW(Rich)&S(+),9,0.526013
aromatic_serine_mutant_scores,hnRNPD-TAF15(IDR2),FYW(Rich)&S(+),10,0.503775
aromatic_serine_mutant_scores,hnRNPD-TAF15(IDR2),FYW(Rich)&S(+),11,0.300613
aromatic_serine_mutant_scores,hnRNPD-TAF15(IDR2),FYW(Rich)&S(+),12,0.134584
aromatic_serine_mutant_scores,hnRNPD-TAF15(IDR2),FYW(Rich)&S(+),13,0.135603
aromatic_serine_mutant_scores,hnRNPD-TAF15(IDR2),FYW(Rich)&S(+),14,0.272478
aromatic_serine_mutant_scores,hnRNPD-TAF15(IDR2),FYW(Rich)&S(+),15,0.638858
aromatic_serine_mutant_scores,hnRNPD-TAF15(IDR2),FYW(Rich)&S(+),16,0.296656
aromatic_serine_mutant_scores,hnRNPD-TAF15(IDR2),FYW(Rich)&S(+),17,0.23594
aromatic_serine_mutant_scores,hnRNPD-TAF15(IDR2),FYW(Rich)&S(+),18,0.095546
aromatic_serine_mutant_scores,hnRNPD-TAF15(IDR2),FYW(Rich)&S(+),19,0.049374
aromatic_serine_mutant_scores,hnRNPD-TAF15(IDR2),FYW(Rich)&S(+),20,0.522769
aromatic_serine_mutant_scores,hnRNPD-TAF15(IDR2),FYW(Rich)&S(+),21,0.209396
aromatic_serine_mutant_scores,TAF15(IDR2)-hnRNPA3,FYW(Rich)&S(Poor),1,0.610795
aromatic_serine_mutant_scores,TAF15(IDR2)-hnRNPA3,FYW(Rich)&S(Poor),2,0.501109
aromatic_serine_mutant_scores,TAF15(IDR2)-hnRNPA3,FYW(Rich)&S(Poor),3,0.68003
aromatic_serine_mutant_scores,TAF15(IDR2)-hnRNPA3,FYW(Rich)&S(Poor),4,0.563109
aromatic_serine_mutant_scores,TAF15(IDR2)-hnRNPA3,FYW(Rich)&S(+),1,0.552131
aromatic_serine_mutant_scores,TAF15(IDR2)-hnRNPA3,FYW(Rich)&S(+),2,0.265768
aromatic_serine_mutant_scores,TAF15(IDR2)-hnRNPA3,FYW(Rich)&S(+),3,0.367725
aromatic_serine_mutant_scores,TAF15(IDR2)-hnRNPA3,FYW(Rich)&S(+),4,0.242165
aromatic_serine_mutant_scores,TAF15(IDR2)-hnRNPA3,FYW(Rich)&S(+),5,0.238113
aromatic_serine_mutant_scores,TAF15(IDR2)-hnRNPA3,FYW(Rich)&S(+),6,0.066395
aromatic_serine_mutant_scores,TAF15(IDR2)-hnRNPA3,FYW(Rich)&S(+),7,0.412633
aromatic_serine_mutant_scores,TAF15(IDR2)-hnRNPA3,FYW(Rich)&S(+),8,0.50136
aromatic_serine_mutant_scores,TAF15(IDR2)-hnRNPA3,FYW(Rich)&S(+),9,0.137168
aromatic_serine_mutant_scores,TAF15(IDR2)-hnRNPA3,FYW(Rich)&S(+),10,0.551337
aromatic_serine_mutant_scores,TAF15(IDR2)-hnRNPA3,FYW(Rich)&S(+),11,0.422997
aromatic_serine_mutant_scores,TAF15(IDR2)-hnRNPA3,FYW(Rich)&S(+),12,0.207607
aromatic_serine_mutant_scores,TAF15(IDR2)-hnRNPA3,FYW(Rich)&S(+),13,0.367923
aromatic_serine_mutant_scores,TAF15(IDR2)-hnRNPA3,FYW(Rich)&S(+),14,0.523589
aromatic_serine_mutant_scores,TAF15(IDR2)-hnRNPA3,FYW(Rich)&S(+),15,0.492449
aromatic_serine_mutant_scores,TAF15(IDR2)-hnRNPA3,FYW(Rich)&S(+),16,0.132522
aromatic_serine_mutant_scores,TAF15(IDR2)-hnRNPA3,FYW(Rich)&S(+),17,0.198302
aromatic_serine_mutant_scores,TAF15(IDR2)-hnRNPA3,FYW(Rich)&S(+),18,0.221708
aromatic_serine_mutant_scores,TAF15(IDR2)-hnRNPA3,FYW(Rich)&S(+),19,0.222218
aromatic_serine_mutant_scores,TAF15(IDR2)-hnRNPA3,FYW(Rich)&S(+),20,0.422505
aromatic_serine_mutant_scores,TAF15(IDR2)-hnRNPA3,FYW(Rich)&S(+),21,0.4482
aromatic_serine_mutant_scores,TAF15(IDR2)-hnRNPA3,FYW(Rich)&S(+),22,0.25235
aromatic_serine_mutant_scores,TAF15(IDR2)-hnRNPA3,FYW(Rich)&S(+),23,0.479751
aromatic_serine_mutant_scores,TAF15(IDR2)-hnRNPA3,FYW(Rich)&S(+),24,0.276684
aromatic_serine_mutant_scores,TAF15(IDR2)-hnRNPA3,FYW(Rich)&S(+),25,0.432871
aromatic_serine_mutant_scores,TAF15(IDR2)-hnRNPA3,FYW(Rich)&S(+),26,0.122634
aromatic_serine_mutant_scores,TAF15(IDR2)-hnRNPA3,FYW(Rich)&S(+),27,0.738421
aromatic_serine_mutant_scores,TAF15(IDR2)-hnRNPA3,FYW(Rich)&S(+),28,0.061816
aromatic_serine_mutant_scores,TAF15(IDR2)-hnRNPA3,FYW(Rich)&S(+),29,0.257627
aromatic_serine_mutant_scores,TAF15(IDR2)-hnRNPA3,FYW(Rich)&S(+),30,0.124347
aromatic_serine_mutant_scores,TIA1-hnRNPA3,FYW(Rich)&S(Poor),1,0.364459
aromatic_serine_mutant_scores,TIA1-hnRNPA3,FYW(Rich)&S(Poor),2,0.082798
aromatic_serine_mutant_scores,TIA1-hnRNPA3,FYW(Rich)&S(Poor),3,0.164813
aromatic_serine_mutant_scores,TIA1-hnRNPA3,FYW(Rich)&S(Poor),4,0.314606
aromatic_serine_mutant_scores,TIA1-hnRNPA3,FYW(Rich)&S(Poor),5,0.08625
aromatic_serine_mutant_scores,TIA1-hnRNPA3,FYW(Rich)&S(+),1,0.186555
aromatic_serine_mutant_scores,TIA1-hnRNPA3,FYW(Rich)&S(+),2,0.431425
aromatic_serine_mutant_scores,TIA1-hnRNPA3,FYW(Rich)&S(+),3,0.424551
aromatic_serine_mutant_scores,TIA1-hnRNPA3,FYW(Rich)&S(+),4,0.069422
aromatic_serine_mutant_scores,TIA1-hnRNPA3,FYW(Rich)&S(+),5,0.069144
aromatic_serine_mutant_scores,TIA1-hnRNPA3,FYW(Rich)&S(+),6,0.137659
aromatic_serine_mutant_scores,TIA1-hnRNPA3,FYW(Rich)&S(+),7,0.03001
aromatic_serine_mutant_scores,TIA1-hnRNPA3,FYW(Rich)&S(+),8,0.031922
aromatic_serine_mutant_scores,TIA1-hnRNPA3,FYW(Rich)&S(+),9,0.173044
aromatic_serine_mutant_scores,TIA1-hnRNPA3,FYW(Rich)&S(+),10,0.483021
aromatic_serine_mutant_scores,TIA1-hnRNPA3,FYW(Rich)&S(+),11,-0.016325
aromatic_serine_mutant_scores,TIA1-hnRNPA3,FYW(Rich)&S(+),12,0.026232
aromatic_serine_mutant_scores,TIA1-hnRNPA3,FYW(Rich)&S(+),13,0.15223
aromatic_serine_mutant_scores,hnRNPAB-hnRNPA3,FYW(Rich)&S(Poor),1,0.148672
aromatic_serine_mutant_scores,hnRNPAB-hnRNPA3,FYW(Rich)&S(Poor),2,0.205797
aromatic_serine_mutant_scores,hnRNPAB-hnRNPA3,FYW(Rich)&S(Poor),3,0.07455
aromatic_serine_mutant_scores,hnRNPAB-hnRNPA3,FYW(Rich)&S(Poor),4,0.270954
aromatic_serine_mutant_scores,hnRNPAB-hnRNPA3,FYW(Rich)&S(Poor),5,0.081912
aromatic_serine_mutant_scores,hnRNPAB-hnRNPA3,FYW(Rich)&S(Poor),6,0.064635
aromatic_serine_mutant_scores,hnRNPAB-hnRNPA3,FYW(Rich)&S(Poor),7,0.219211
aromatic_serine_mutant_scores,hnRNPAB-hnRNPA3,FYW(Rich)&S(Poor),8,0.363658
aromatic_serine_mutant_scores,hnRNPAB-hnRNPA3,FYW(Rich)&S(Poor),9,0.453376
aromatic_serine_mutant_scores,hnRNPAB-hnRNPA3,FYW(Rich)&S(+),1,0.156955
aromatic_serine_mutant_scores,hnRNPAB-hnRNPA3,FYW(Rich)&S(+),2,0.045899
aromatic_serine_mutant_scores,hnRNPAB-hnRNPA3,FYW(Rich)&S(+),3,0.451155
aromatic_serine_mutant_scores,hnRNPAB-hnRNPA3,FYW(Rich)&S(+),4,0.16836
aromatic_serine_mutant_scores,hnRNPAB-hnRNPA3,FYW(Rich)&S(+),5,-0.020067
aromatic_serine_mutant_scores,hnRNPAB-hnRNPA3,FYW(Rich)&S(+),6,0.466727
aromatic_serine_mutant_scores,hnRNPAB-hnRNPA3,FYW(Rich)&S(+),7,0.166761
aromatic_serine_mutant_scores,hnRNPAB-hnRNPA3,FYW(Rich)&S(+),8,-0.003649
aromatic_serine_mutant_scores,hnRNPAB-hnRNPA3,FYW(Rich)&S(+),9,-0.075087
aromatic_serine_mutant_scores,hnRNPAB-hnRNPA3,FYW(Rich)&S(+),10,0.476498
aromatic_serine_mutant_scores,hnRNPAB-hnRNPA3,FYW(Rich)&S(+),11,0.170376
aromatic_serine_mutant_scores,hnRNPAB-hnRNPA3,FYW(Rich)&S(+),12,0.182549
aromatic_serine_mutant_scores,hnRNPAB-hnRNPA3,FYW(Rich)&S(+),13,0.057887
aromatic_serine_mutant_scores,hnRNPAB-hnRNPA3,FYW(Rich)&S(+),14,-0.197909
aromatic_serine_mutant_scores,hnRNPAB-hnRNPA3,FYW(Rich)&S(+),15,-0.221073
aromatic_serine_mutant_scores,hnRNPAB-hnRNPA3,FYW(Rich)&S(+),16,-0.073302
aromatic_serine_mutant_scores,hnRNPAB-hnRNPA3,FYW(Rich)&S(+),17,0.275974
aromatic_serine_mutant_scores,hnRNPAB-hnRNPA3,FYW(Rich)&S(+),18,-0.115729
aromatic_serine_mutant_scores,hnRNPAB-hnRNPA3,FYW(Rich)&S(+),19,0.223029
aromatic_serine_mutant_scores,hnRNPAB-hnRNPA3,FYW(Rich)&S(+),20,0.24817
aromatic_serine_mutant_scores,hnRNPAB-hnRNPA3,FYW(Rich)&S(+),21,0.01119
aromatic_serine_mutant_scores,hnRNPAB-hnRNPA3,FYW(Rich)&S(+),22,0.036877
aromatic_serine_mutant_scores,hnRNPAB-hnRNPA3,FYW(Rich)&S(+),23,0.170581
aromatic_serine_mutant_scores,hnRNPAB-hnRNPA3,FYW(Rich)&S(+),24,0.124588
aromatic_serine_mutant_scores,hnRNPAB-hnRNPA3,FYW(Rich)&S(+),25,0.313083
aromatic_serine_mutant_scores,hnRNPAB-hnRNPA3,FYW(Rich)&S(+),26,0.086524
aromatic_serine_mutant_scores,hnRNPAB-hnRNPA3,FYW(Rich)&S(+),27,0.246097
aromatic_serine_mutant_scores,hnRNPAB-hnRNPA3,FYW(Rich)&S(+),28,0.00829
aromatic_serine_mutant_scores,hnRNPAB-hnRNPA3,FYW(Rich)&S(+),29,-0.024024
aromatic_serine_mutant_scores,hnRNPAB-hnRNPA3,FYW(Rich)&S(+),30,0.004617
aromatic_serine_mutant_scores,hnRNPAB-hnRNPA3,FYW(Rich)&S(+),31,0.099627
aromatic_serine_mutant_scores,hnRNPAB-hnRNPA3,FYW(Rich)&S(+),32,0.145541
aromatic_serine_mutant_scores,hnRNPAB-hnRNPA3,FYW(Rich)&S(+),33,0.015843
aromatic_serine_mutant_scores,hnRNPAB-hnRNPA3,FYW(Rich)&S(+),34,-0.007655
aromatic_serine_mutant_scores,hnRNPAB-hnRNPA3,FYW(Rich)&S(+),35,0.089373
aromatic_serine_mutant_scores,hnRNPAB-hnRNPA3,FYW(Rich)&S(+),36,0.373731
aromatic_serine_mutant_scores,hnRNPAB-hnRNPA3,FYW(Rich)&S(+),37,0.087587
aromatic_serine_mutant_scores,hnRNPAB-hnRNPA3,FYW(Rich)&S(+),38,0.368505
aromatic_serine_mutant_scores,hnRNPAB-hnRNPA3,FYW(Rich)&S(+),39,0.101693
aromatic_serine_mutant_scores,hnRNPAB-hnRNPA3,FYW(Rich)&S(+),40,0.004994
aromatic_serine_mutant_scores,hnRNPAB-hnRNPA3,FYW(Rich)&S(+),41,0.28231
aromatic_serine_mutant_scores,hnRNPD-hnRNPA3,FYW(Rich)&S(Poor),1,-0.001657
aromatic_serine_mutant_scores,hnRNPD-hnRNPA3,FYW(Rich)&S(Poor),2,0.135285
aromatic_serine_mutant_scores,hnRNPD-hnRNPA3,FYW(Rich)&S(Poor),3,0.189231
aromatic_serine_mutant_scores,hnRNPD-hnRNPA3,FYW(Rich)&S(Poor),4,0.226383
aromatic_serine_mutant_scores,hnRNPD-hnRNPA3,FYW(Rich)&S(Poor),5,0.410367
aromatic_serine_mutant_scores,hnRNPD-hnRNPA3,FYW(Rich)&S(Poor),6,0.38029
aromatic_serine_mutant_scores,hnRNPD-hnRNPA3,FYW(Rich)&S(+),1,0.007452
aromatic_serine_mutant_scores,hnRNPD-hnRNPA3,FYW(Rich)&S(+),2,0.192202
aromatic_serine_mutant_scores,hnRNPD-hnRNPA3,FYW(Rich)&S(+),3,0.080808
aromatic_serine_mutant_scores,hnRNPD-hnRNPA3,FYW(Rich)&S(+),4,0.14263
aromatic_serine_mutant_scores,hnRNPD-hnRNPA3,FYW(Rich)&S(+),5,0.108276
aromatic_serine_mutant_scores,hnRNPD-hnRNPA3,FYW(Rich)&S(+),6,0.0259
aromatic_serine_mutant_scores,hnRNPD-hnRNPA3,FYW(Rich)&S(+),7,-0.049065
aromatic_serine_mutant_scores,hnRNPD-hnRNPA3,FYW(Rich)&S(+),8,0.155548
aromatic_serine_mutant_scores,hnRNPD-hnRNPA3,FYW(Rich)&S(+),9,0.010183
aromatic_serine_mutant_scores,hnRNPD-hnRNPA3,FYW(Rich)&S(+),10,0.11825
aromatic_serine_mutant_scores,hnRNPD-hnRNPA3,FYW(Rich)&S(+),11,0.027487
aromatic_serine_mutant_scores,hnRNPD-hnRNPA3,FYW(Rich)&S(+),12,0.002564
aromatic_serine_mutant_scores,hnRNPD-hnRNPA3,FYW(Rich)&S(+),13,0.035801
aromatic_serine_mutant_scores,hnRNPD-hnRNPA3,FYW(Rich)&S(+),14,0.069447
aromatic_serine_mutant_scores,hnRNPD-hnRNPA3,FYW(Rich)&S(+),15,-0.00495
aromatic_serine_mutant_scores,hnRNPD-hnRNPA3,FYW(Rich)&S(+),16,0.045799
aromatic_serine_mutant_scores,hnRNPD-hnRNPA3,FYW(Rich)&S(+),17,0.006989
aromatic_serine_mutant_scores,hnRNPD-hnRNPA3,FYW(Rich)&S(+),18,0.207018
aromatic_serine_mutant_scores,hnRNPD-hnRNPA3,FYW(Rich)&S(+),19,0.218881
aromatic_serine_mutant_scores,hnRNPD-hnRNPA3,FYW(Rich)&S(+),20,0.068089
aromatic_serine_mutant_scores,hnRNPD-hnRNPA3,FYW(Rich)&S(+),21,0.070126
aromatic_serine_mutant_scores,hnRNPD-hnRNPA3,FYW(Rich)&S(+),22,0.146432
aromatic_serine_mutant_scores,hnRNPD-hnRNPA3,FYW(Rich)&S(+),23,0.051648
aromatic_serine_mutant_scores,hnRNPD-hnRNPA3,FYW(Rich)&S(+),24,-0.033022
aromatic_serine_mutant_scores,hnRNPD-hnRNPA3,FYW(Rich)&S(+),25,0.210866
aromatic_serine_mutant_scores,hnRNPD-hnRNPA3,FYW(Rich)&S(+),26,0.048651
aromatic_serine_mutant_scores,hnRNPD-hnRNPA3,FYW(Rich)&S(+),27,0.188826
aromatic_serine_mutant_scores,hnRNPD-hnRNPA3,FYW(Rich)&S(+),28,-0.006343
aromatic_serine_mutant_scores,hnRNPD-hnRNPA3,FYW(Rich)&S(+),29,0.142386
aromatic_serine_mutant_scores,hnRNPD-hnRNPA3,FYW(Rich)&S(+),30,0.071227
aromatic_serine_mutant_scores,hnRNPD-hnRNPA3,FYW(Rich)&S(+),31,0.23087
aromatic_serine_mutant_scores,hnRNPD-hnRNPA3,FYW(Rich)&S(+),32,0.235401
aromatic_serine_mutant_scores,hnRNPD-hnRNPA3,FYW(Rich)&S(+),33,0.229429
aromatic_serine_mutant_scores,hnRNPD-hnRNPA3,FYW(Rich)&S(+),34,0.326313
aromatic_serine_mutant_scores,hnRNPD-hnRNPA3,FYW(Rich)&S(+),35,0.052359
aromatic_serine_mutant_scores,hnRNPD-hnRNPA3,FYW(Rich)&S(+),36,0.116359
charged_serine_mutant_scores,TAF15(IDR2)-BRD9,WT,1,-0.0567865
charged_serine_mutant_scores,TAF15(IDR2)-BRD9,WT,2,-0.0866719
charged_serine_mutant_scores,TAF15(IDR2)-BRD9,WT,3,0.0598815
charged_serine_mutant_scores,TAF15(IDR2)-BRD9,WT,4,0.00718164
charged_serine_mutant_scores,TAF15(IDR2)-BRD9,WT,5,-0.0101052
charged_serine_mutant_scores,PRCC-SFPQ,WT,1,0.216803
charged_serine_mutant_scores,PRCC-SFPQ,WT,2,-0.0456912
charged_serine_mutant_scores,PRCC-SFPQ,WT,3,0.020362
charged_serine_mutant_scores,PRCC-SFPQ,WT,4,0.0352952
charged_serine_mutant_scores,PRCC-SFPQ,WT,5,0.252535
charged_serine_mutant_scores,TAF15(IDR2)-PRCC,WT,1,0.0977087
charged_serine_mutant_scores,TAF15(IDR2)-PRCC,WT,2,0.163366
charged_serine_mutant_scores,TAF15(IDR2)-PRCC,WT,3,0.0756668
charged_serine_mutant_scores,TAF15(IDR2)-PRCC,WT,4,0.193864
charged_serine_mutant_scores,TAF15(IDR2)-PRCC,WT,5,0.197279
charged_serine_mutant_scores,TAF15(IDR2)-PRCC,WT,6,0.217999
charged_serine_mutant_scores,TAF15(IDR2)-PRCC,WT,7,0.133151
charged_serine_mutant_scores,TAF15(IDR2)-PRCC,WT,8,0.237681
charged_serine_mutant_scores,TAF15(IDR2)-PRCC,WT,9,0.2849
charged_serine_mutant_scores,TAF15(IDR2)-PRCC,WT,10,0.378937
charged_serine_mutant_scores,TAF15(IDR2)-PRCC,WT,11,0.249161
charged_serine_mutant_scores,TAF15(IDR2)-PRCC,WT,12,0.265249
charged_serine_mutant_scores,TAF15(IDR2)-PRCC,WT,13,0.237768
charged_serine_mutant_scores,TAF15(IDR2)-PRCC,WT,14,0.0880204
charged_serine_mutant_scores,TAF15(IDR2)-PRCC,WT,15,0.360174
charged_serine_mutant_scores,TAF15(IDR2)-PRCC,WT,16,0.414624
charged_serine_mutant_scores,TAF15(IDR2)-PRCC,WT,17,0.283718
charged_serine_mutant_scores,TAF15(IDR2)-PRCC,WT,18,0.303856
charged_serine_mutant_scores,TAF15(IDR2)-PRCC,WT,19,0.352727
charged_serine_mutant_scores,TAF15(IDR2)-PRCC,WT,20,0.465941
charged_serine_mutant_scores,SFPQ-hnRNPK,WT,1,0.313449
charged_serine_mutant_scores,SFPQ-hnRNPK,WT,2,0.213849
charged_serine_mutant_scores,SFPQ-hnRNPK,WT,3,0.428264
charged_serine_mutant_scores,SFPQ-hnRNPK,WT,4,0.433442
charged_serine_mutant_scores,TAF15(IDR2)-SFPQ,WT,1,0.0282684
charged_serine_mutant_scores,TAF15(IDR2)-SFPQ,WT,2,0.0250941
charged_serine_mutant_scores,TAF15(IDR2)-SFPQ,WT,3,-0.0258428
charged_serine_mutant_scores,TAF15(IDR2)-SFPQ,WT,4,0.0875296
charged_serine_mutant_scores,TAF15(IDR2)-SFPQ,WT,5,0.0798442
charged_serine_mutant_scores,TAF15(IDR2)-SFPQ,WT,6,0.0758795
charged_serine_mutant_scores,PRCC-hnRNPK,WT,1,0.0957515
charged_serine_mutant_scores,PRCC-hnRNPK,WT,2,0.151439
charged_serine_mutant_scores,PRCC-hnRNPK,WT,3,0.228891
charged_serine_mutant_scores,PRCC-hnRNPK,WT,4,0.303352
charged_serine_mutant_scores,PRCC-hnRNPK,WT,5,0.210948
charged_serine_mutant_scores,PRCC-hnRNPK,WT,6,0.331868
charged_serine_mutant_scores,TAF15(IDR2)-hnRNPK,WT,1,0.322629
charged_serine_mutant_scores,TAF15(IDR2)-hnRNPK,WT,2,0.247174
charged_serine_mutant_scores,TAF15(IDR2)-hnRNPK,WT,3,0.239274
charged_serine_mutant_scores,TAF15(IDR2)-hnRNPK,WT,4,0.308558
charged_serine_mutant_scores,TAF15(IDR2)-hnRNPK,WT,5,0.306215
charged_serine_mutant_scores,TAF15(IDR2)-hnRNPK,WT,6,0.2736
charged_serine_mutant_scores,TAF15(IDR2)-hnRNPK,WT,7,0.283659
charged_serine_mutant_scores,TAF15(IDR2)-hnRNPK,WT,8,0.428612
charged_serine_mutant_scores,TAF15(IDR2)-BRD9,S(+),1,0.174799586449922
charged_serine_mutant_scores,TAF15(IDR2)-BRD9,S(+),2,-0.00319960091636219
charged_serine_mutant_scores,TAF15(IDR2)-BRD9,S(+),3,0.235116913273046
charged_serine_mutant_scores,TAF15(IDR2)-BRD9,S(+),4,0.052871398147829
charged_serine_mutant_scores,TAF15(IDR2)-BRD9,S(+),5,0.217290139688153
charged_serine_mutant_scores,TAF15(IDR2)-BRD9,S(+),6,-0.0148266264630036
charged_serine_mutant_scores,TAF15(IDR2)-BRD9,S(+),7,-0.0251560978617521
charged_serine_mutant_scores,TAF15(IDR2)-BRD9,S(+),8,0.181985165135492
charged_serine_mutant_scores,TAF15(IDR2)-BRD9,S(+),9,0.250511799897122
charged_serine_mutant_scores,TAF15(IDR2)-BRD9,S(+),10,0.124834325846232
charged_serine_mutant_scores,TAF15(IDR2)-BRD9,S(+),11,-0.0865158532969375
charged_serine_mutant_scores,TAF15(IDR2)-BRD9,S(+),12,0.423161277218693
charged_serine_mutant_scores,TAF15(IDR2)-BRD9,S(+),13,-0.160588075293446
charged_serine_mutant_scores,TAF15(IDR2)-BRD9,S(+),14,0.203791644664807
charged_serine_mutant_scores,TAF15(IDR2)-BRD9,S(+),15,0.0171224234277146
charged_serine_mutant_scores,TAF15(IDR2)-BRD9,S(+),16,-0.0680348956095229
charged_serine_mutant_scores,TAF15(IDR2)-BRD9,S(+),17,0.165934902231113
charged_serine_mutant_scores,TAF15(IDR2)-BRD9,S(+),18,0.0441284858495233
charged_serine_mutant_scores,TAF15(IDR2)-BRD9,S(+),19,0.339909718080411
charged_serine_mutant_scores,TAF15(IDR2)-BRD9,S(+),20,0.141086786464718
charged_serine_mutant_scores,TAF15(IDR2)-BRD9,S(+),21,0.0299003720094496
charged_serine_mutant_scores,TAF15(IDR2)-BRD9,S(+),22,0.0400013564523171
charged_serine_mutant_scores,TAF15(IDR2)-BRD9,S(+),23,-0.0912808562733306
charged_serine_mutant_scores,TAF15(IDR2)-BRD9,S(+),24,0.446348499741134
charged_serine_mutant_scores,TAF15(IDR2)-BRD9,S(+),25,0.0435792938539129
charged_serine_mutant_scores,TAF15(IDR2)-BRD9,S(+),26,-0.042922498844691
charged_serine_mutant_scores,PRCC-SFPQ,S(+),1,0.0188986619504717
charged_serine_mutant_scores,PRCC-SFPQ,S(+),2,0.185207788617454
charged_serine_mutant_scores,PRCC-SFPQ,S(+),3,0.182859242029217
charged_serine_mutant_scores,PRCC-SFPQ,S(+),4,0.155130857704596
charged_serine_mutant_scores,PRCC-SFPQ,S(+),5,-0.00541090631502284
charged_serine_mutant_scores,PRCC-SFPQ,S(+),6,0.0162898111619479
charged_serine_mutant_scores,PRCC-SFPQ,S(+),7,0.0158349480456314
charged_serine_mutant_scores,PRCC-SFPQ,S(+),8,-0.064167260336673
charged_serine_mutant_scores,PRCC-SFPQ,S(+),9,-0.0558294612766191
charged_serine_mutant_scores,PRCC-SFPQ,S(+),10,0.000821191834200838
charged_serine_mutant_scores,PRCC-SFPQ,S(+),11,0.0272033050948976
charged_serine_mutant_scores,PRCC-SFPQ,S(+),12,0.0409963031521722
charged_serine_mutant_scores,PRCC-SFPQ,S(+),13,0.146234501290987
charged_serine_mutant_scores,PRCC-SFPQ,S(+),14,0.14971177749724
charged_serine_mutant_scores,PRCC-SFPQ,S(+),15,-0.0798374559129438
charged_serine_mutant_scores,PRCC-SFPQ,S(+),16,-0.0364268510043642
charged_serine_mutant_scores,PRCC-SFPQ,S(+),17,0.0296522673813098
charged_serine_mutant_scores,PRCC-SFPQ,S(+),18,-0.18143569706557
charged_serine_mutant_scores,PRCC-SFPQ,S(+),19,0.211640081917455
charged_serine_mutant_scores,PRCC-SFPQ,S(+),20,-0.112421810154395
charged_serine_mutant_scores,PRCC-SFPQ,S(+),21,0.0773824477195793
charged_serine_mutant_scores,PRCC-SFPQ,S(+),22,-0.032433286081399
charged_serine_mutant_scores,PRCC-SFPQ,S(+),23,0.0872116640117078
charged_serine_mutant_scores,PRCC-SFPQ,S(+),24,-0.0652819541914018
charged_serine_mutant_scores,PRCC-SFPQ,S(+),25,0.0677914221602591
charged_serine_mutant_scores,PRCC-SFPQ,S(+),26,0.148731109085464
charged_serine_mutant_scores,PRCC-SFPQ,S(+),27,0.208607966026452
charged_serine_mutant_scores,PRCC-SFPQ,S(+),28,0.146580671431792
charged_serine_mutant_scores,PRCC-SFPQ,S(+),29,-0.0910533072451702
charged_serine_mutant_scores,PRCC-SFPQ,S(+),30,0.0548060516856948
charged_serine_mutant_scores,PRCC-SFPQ,S(+),31,0.0103485208345717
charged_serine_mutant_scores,PRCC-SFPQ,S(+),32,0.302245386960035
charged_serine_mutant_scores,PRCC-SFPQ,S(+),33,0.0717696685967356
charged_serine_mutant_scores,PRCC-SFPQ,S(+),34,0.0692929334523415
charged_serine_mutant_scores,PRCC-SFPQ,S(+),35,-0.000569314243429346
charged_serine_mutant_scores,PRCC-SFPQ,S(+),36,-0.0064390114426195
charged_serine_mutant_scores,PRCC-SFPQ,S(+),37,0.244287256243236
charged_serine_mutant_scores,PRCC-SFPQ,S(+),38,0.0754926275956049
charged_serine_mutant_scores,PRCC-SFPQ,S(+),39,0.0252834719392786
charged_serine_mutant_scores,PRCC-SFPQ,S(+),40,0.236210771346796
charged_serine_mutant_scores,PRCC-SFPQ,S(+),41,0.046481510543313
charged_serine_mutant_scores,PRCC-SFPQ,S(+),42,-0.047988741032346
charged_serine_mutant_scores,PRCC-SFPQ,S(+),43,0.271865324344596
charged_serine_mutant_scores,TAF15(IDR2)-PRCC,S(+),1,0.272680295518536
charged_serine_mutant_scores,TAF15(IDR2)-PRCC,S(+),2,0.429866354169904
charged_serine_mutant_scores,TAF15(IDR2)-PRCC,S(+),3,0.315464201741995
charged_serine_mutant_scores,TAF15(IDR2)-PRCC,S(+),4,0.296954143955577
charged_serine_mutant_scores,TAF15(IDR2)-PRCC,S(+),5,0.291081444149302
charged_serine_mutant_scores,TAF15(IDR2)-PRCC,S(+),6,0.163096082869786
charged_serine_mutant_scores,TAF15(IDR2)-PRCC,S(+),7,0.242712440649498
charged_serine_mutant_scores,TAF15(IDR2)-PRCC,S(+),8,0.197172759661666
charged_serine_mutant_scores,TAF15(IDR2)-PRCC,S(+),9,0.29260990879499
charged_serine_mutant_scores,TAF15(IDR2)-PRCC,S(+),10,0.416849255251596
charged_serine_mutant_scores,TAF15(IDR2)-PRCC,S(+),11,0.268054492647784
charged_serine_mutant_scores,TAF15(IDR2)-PRCC,S(+),12,0.251577465182236
charged_serine_mutant_scores,TAF15(IDR2)-PRCC,S(+),13,0.282612092771352
charged_serine_mutant_scores,TAF15(IDR2)-PRCC,S(+),14,0.300965468225732
charged_serine_mutant_scores,TAF15(IDR2)-PRCC,S(+),15,0.226614867854992
charged_serine_mutant_scores,TAF15(IDR2)-PRCC,S(+),16,0.446149288358823
charged_serine_mutant_scores,TAF15(IDR2)-PRCC,S(+),17,0.337143983951796
charged_serine_mutant_scores,TAF15(IDR2)-PRCC,S(+),18,0.263527036045496
charged_serine_mutant_scores,TAF15(IDR2)-PRCC,S(+),19,0.316420955998002
charged_serine_mutant_scores,TAF15(IDR2)-PRCC,S(+),20,0.0855327436307069
charged_serine_mutant_scores,TAF15(IDR2)-PRCC,S(+),21,0.222686163315271
charged_serine_mutant_scores,TAF15(IDR2)-PRCC,S(+),22,0.305776845665097
charged_serine_mutant_scores,TAF15(IDR2)-PRCC,S(+),23,0.165365637851111
charged_serine_mutant_scores,TAF15(IDR2)-PRCC,S(+),24,0.277595492189565
charged_serine_mutant_scores,TAF15(IDR2)-PRCC,S(+),25,0.124668894729716
charged_serine_mutant_scores,TAF15(IDR2)-PRCC,S(+),26,0.126708030946805
charged_serine_mutant_scores,SFPQ-hnRNPK,S(+),1,-0.201190674350342
charged_serine_mutant_scores,SFPQ-hnRNPK,S(+),2,0.852838538523363
charged_serine_mutant_scores,SFPQ-hnRNPK,S(+),3,0.410134261258561
charged_serine_mutant_scores,SFPQ-hnRNPK,S(+),4,0.411177994235603
charged_serine_mutant_scores,SFPQ-hnRNPK,S(+),5,0.0114072210389192
charged_serine_mutant_scores,SFPQ-hnRNPK,S(+),6,-0.14717631848667
charged_serine_mutant_scores,SFPQ-hnRNPK,S(+),7,0.808136936179075
charged_serine_mutant_scores,SFPQ-hnRNPK,S(+),8,-0.226374227943465
charged_serine_mutant_scores,SFPQ-hnRNPK,S(+),9,-0.144550642698767
charged_serine_mutant_scores,SFPQ-hnRNPK,S(+),10,0.955465937420871
charged_serine_mutant_scores,SFPQ-hnRNPK,S(+),11,-0.143739006789298
charged_serine_mutant_scores,SFPQ-hnRNPK,S(+),12,0.483924456890536
charged_serine_mutant_scores,TAF15(IDR2)-SFPQ,S(+),1,0.447378227171415
charged_serine_mutant_scores,TAF15(IDR2)-SFPQ,S(+),2,0.520446609886315
charged_serine_mutant_scores,TAF15(IDR2)-SFPQ,S(+),3,0.190491230623853
charged_serine_mutant_scores,TAF15(IDR2)-SFPQ,S(+),4,0.274302022381514
charged_serine_mutant_scores,TAF15(IDR2)-SFPQ,S(+),5,0.336323689889319
charged_serine_mutant_scores,TAF15(IDR2)-SFPQ,S(+),6,0.322494785103389
charged_serine_mutant_scores,TAF15(IDR2)-SFPQ,S(+),7,0.389492839838482
charged_serine_mutant_scores,TAF15(IDR2)-SFPQ,S(+),8,0.236261189448578
charged_serine_mutant_scores,TAF15(IDR2)-SFPQ,S(+),9,0.201403222543142
charged_serine_mutant_scores,TAF15(IDR2)-SFPQ,S(+),10,0.492984560998778
charged_serine_mutant_scores,TAF15(IDR2)-SFPQ,S(+),11,0.492984560998778
charged_serine_mutant_scores,TAF15(IDR2)-SFPQ,S(+),12,0.145070674650064
charged_serine_mutant_scores,TAF15(IDR2)-SFPQ,S(+),13,0.529533008371039
charged_serine_mutant_scores,TAF15(IDR2)-SFPQ,S(+),14,0.149451680499721
charged_serine_mutant_scores,TAF15(IDR2)-SFPQ,S(+),15,0.147555144071366
charged_serine_mutant_scores,TAF15(IDR2)-SFPQ,S(+),16,0.18806120106573
charged_serine_mutant_scores,TAF15(IDR2)-SFPQ,S(+),17,0.324871282588264
charged_serine_mutant_scores,TAF15(IDR2)-SFPQ,S(+),18,0.330582650594117
charged_serine_mutant_scores,TAF15(IDR2)-SFPQ,S(+),19,0.199292185513039
charged_serine_mutant_scores,TAF15(IDR2)-SFPQ,S(+),20,0.357750507776262
charged_serine_mutant_scores,PRCC-hnRNPK,S(+),1,-0.0957984608819111
charged_serine_mutant_scores,PRCC-hnRNPK,S(+),2,-0.014638590792695
charged_serine_mutant_scores,PRCC-hnRNPK,S(+),3,0.0358655091167879
charged_serine_mutant_scores,PRCC-hnRNPK,S(+),4,0.223439209427531
charged_serine_mutant_scores,PRCC-hnRNPK,S(+),5,0.00963711245519249
charged_serine_mutant_scores,PRCC-hnRNPK,S(+),6,0.110553091647114
charged_serine_mutant_scores,PRCC-hnRNPK,S(+),7,-0.00554627427110894
charged_serine_mutant_scores,PRCC-hnRNPK,S(+),8,0.0685682762924948
charged_serine_mutant_scores,PRCC-hnRNPK,S(+),9,0.238010691627506
charged_serine_mutant_scores,PRCC-hnRNPK,S(+),10,0.0248252778350316
charged_serine_mutant_scores,PRCC-hnRNPK,S(+),11,0.333969226971001
charged_serine_mutant_scores,PRCC-hnRNPK,S(+),12,0.0350413930651715
charged_serine_mutant_scores,PRCC-hnRNPK,S(+),13,0.0289293974535174
charged_serine_mutant_scores,PRCC-hnRNPK,S(+),14,-0.0729446350131608
charged_serine_mutant_scores,PRCC-hnRNPK,S(+),15,-0.0706111200332633
charged_serine_mutant_scores,PRCC-hnRNPK,S(+),16,0.0475195129259657
charged_serine_mutant_scores,PRCC-hnRNPK,S(+),17,0.106779593447473
charged_serine_mutant_scores,PRCC-hnRNPK,S(+),18,-0.04663270687392
charged_serine_mutant_scores,TAF15(IDR2)-hnRNPK,S(+),1,-0.0845393130265527
charged_serine_mutant_scores,TAF15(IDR2)-hnRNPK,S(+),2,0.0511346718956396
charged_serine_mutant_scores,TAF15(IDR2)-hnRNPK,S(+),3,-0.177132337335803
charged_serine_mutant_scores,TAF15(IDR2)-hnRNPK,S(+),4,0.0112676584269443
charged_serine_mutant_scores,TAF15(IDR2)-hnRNPK,S(+),5,0.0526416367351378
charged_serine_mutant_scores,TAF15(IDR2)-hnRNPK,S(+),6,-0.0427922887152262
charged_serine_mutant_scores,TAF15(IDR2)-hnRNPK,S(+),7,0.210107275356203
charged_serine_mutant_scores,TAF15(IDR2)-hnRNPK,S(+),8,0.0396651255679568
charged_serine_mutant_scores,TAF15(IDR2)-hnRNPK,S(+),9,0.163339695766
charged_serine_mutant_scores,TAF15(IDR2)-hnRNPK,S(+),10,0.0198902509244625
charged_serine_mutant_scores,TAF15(IDR2)-hnRNPK,S(+),11,0.4016390819244
charged_serine_mutant_scores,TAF15(IDR2)-hnRNPK,S(+),12,0.0834137665927871
charged_serine_mutant_scores,TAF15(IDR2)-hnRNPK,S(+),13,-0.14460288006745
charged_serine_mutant_scores,TAF15(IDR2)-hnRNPK,S(+),14,0.204419081628709
charged_serine_mutant_scores,TAF15(IDR2)-hnRNPK,S(+),15,0.0251266540713572
charged_serine_mutant_scores,TAF15(IDR2)-hnRNPK,S(+),16,-0.0345075089686421
charged_serine_mutant_scores,TAF15(IDR2)-hnRNPK,S(+),17,0.121527623889074
charged_serine_mutant_scores,TAF15(IDR2)-hnRNPK,S(+),18,-0.00873188058660126
charged_serine_mutant_scores,TAF15(IDR2)-hnRNPK,S(+),19,0.0771460734357315
charged_serine_mutant_scores,TAF15(IDR2)-hnRNPK,S(+),20,0.0927460320762159
low_charge_mutant_scores,hnRNPA1-RBM14,EDKRH(Low)&S(Rich),1,0.915273
low_charge_mutant_scores,hnRNPA1-RBM14,EDKRH(Low)&S(Rich),2,0.93715
low_charge_mutant_scores,hnRNPA1-RBM14,EDKRH(Low)&S(Rich),3,0.971002
low_charge_mutant_scores,hnRNPA1-RBM14,EDKRH(Low)&S(Rich),4,0.964823
low_charge_mutant_scores,hnRNPA1-RBM14,EDKRH(Low)&S(Rich),5,0.969473
low_charge_mutant_scores,hnRNPA1-RBM14,EDKRH(Low)&S(Rich),6,0.97126
low_charge_mutant_scores,hnRNPA1-RBM14,EDKRH(Low)&S(Rich),7,0.973814
low_charge_mutant_scores,hnRNPA1-RBM14,EDKRH(Low)&S(Rich),8,0.978804
low_charge_mutant_scores,hnRNPA1-RBM14,EDKRH(Low)&S(Rich),9,0.960785
low_charge_mutant_scores,hnRNPA1-RBM14,Charged+&S(Rich),1,-0.013556
low_charge_mutant_scores,hnRNPA1-RBM14,Charged+&S(Rich),2,0.055155
low_charge_mutant_scores,hnRNPA1-RBM14,Charged+&S(Rich),3,0.141323
low_charge_mutant_scores,hnRNPA1-RBM14,Charged+&S(Rich),4,0.265795
low_charge_mutant_scores,hnRNPA1-RBM14,Charged+&S(Rich),5,-0.079275
low_charge_mutant_scores,hnRNPA1-RBM14,Charged+&S(Rich),6,0.377949
low_charge_mutant_scores,hnRNPA1-RBM14,Charged+&S(Rich),7,0.190091
low_charge_mutant_scores,hnRNPA1-RBM14,Charged+&S(Rich),8,0.280925
low_charge_mutant_scores,hnRNPA1-RBM14,Charged+&S(Rich),9,-0.013022
low_charge_mutant_scores,hnRNPA1-RBM14,Charged+&S(Rich),10,-0.054105
low_charge_mutant_scores,hnRNPA1-RBM14,Charged+&S(Rich),11,0.257155
low_charge_mutant_scores,hnRNPA1-NUP98,EDKRH(Low)&S(Rich),1,0.687115
low_charge_mutant_scores,hnRNPA1-NUP98,EDKRH(Low)&S(Rich),2,0.84755
low_charge_mutant_scores,hnRNPA1-NUP98,EDKRH(Low)&S(Rich),3,0.602658
low_charge_mutant_scores,hnRNPA1-NUP98,EDKRH(Low)&S(Rich),4,0.835084
low_charge_mutant_scores,hnRNPA1-NUP98,EDKRH(Low)&S(Rich),5,0.71078
low_charge_mutant_scores,hnRNPA1-NUP98,EDKRH(Low)&S(Rich),6,0.923782
low_charge_mutant_scores,hnRNPA1-NUP98,Charged+&S(Rich),1,0.030842
low_charge_mutant_scores,hnRNPA1-NUP98,Charged+&S(Rich),2,0.079727
low_charge_mutant_scores,hnRNPA1-NUP98,Charged+&S(Rich),3,0.132543
low_charge_mutant_scores,hnRNPA1-NUP98,Charged+&S(Rich),4,0.088733
low_charge_mutant_scores,hnRNPA1-NUP98,Charged+&S(Rich),5,-0.014821
low_charge_mutant_scores,hnRNPA1-NUP98,Charged+&S(Rich),6,0.072164
low_charge_mutant_scores,hnRNPA1-NUP98,Charged+&S(Rich),7,0.070427
low_charge_mutant_scores,hnRNPA1-FUS,EDKRH(Low)&S(Rich),1,0.732248
low_charge_mutant_scores,hnRNPA1-FUS,EDKRH(Low)&S(Rich),2,0.804755
low_charge_mutant_scores,hnRNPA1-FUS,EDKRH(Low)&S(Rich),3,0.800215
low_charge_mutant_scores,hnRNPA1-FUS,EDKRH(Low)&S(Rich),4,0.844892
low_charge_mutant_scores,hnRNPA1-FUS,EDKRH(Low)&S(Rich),5,0.855512
low_charge_mutant_scores,hnRNPA1-FUS,EDKRH(Low)&S(Rich),6,0.627302
low_charge_mutant_scores,hnRNPA1-FUS,Charged+&S(Rich),1,0.12851
low_charge_mutant_scores,hnRNPA1-FUS,Charged+&S(Rich),2,0.23313
low_charge_mutant_scores,hnRNPA1-FUS,Charged+&S(Rich),3,0.245085
low_charge_mutant_scores,hnRNPA1-FUS,Charged+&S(Rich),4,0.242002
low_charge_mutant_scores,hnRNPA1-FUS,Charged+&S(Rich),5,0.074818
low_charge_mutant_scores,hnRNPA1-FUS,Charged+&S(Rich),6,0.071652
low_charge_mutant_scores,hnRNPA1-FUS,Charged+&S(Rich),7,0.24255
low_charge_mutant_scores,hnRNPA1-FUS,Charged+&S(Rich),8,0.489154
low_charge_mutant_scores,hnRNPA1-FUS,Charged+&S(Rich),9,0.236958
low_charge_mutant_scores,hnRNPA1-FUS,Charged+&S(Rich),10,0.218895
low_charge_mutant_scores,hnRNPA1-FUS,Charged+&S(Rich),11,0.218895
low_charge_mutant_scores,hnRNPA1-FUS,Charged+&S(Rich),12,0.322737
low_charge_mutant_scores,RBM14-FUS,EDKRH(Low)&S(Rich),1,0.832721
low_charge_mutant_scores,RBM14-FUS,EDKRH(Low)&S(Rich),2,0.887299
low_charge_mutant_scores,RBM14-FUS,EDKRH(Low)&S(Rich),3,0.939392
low_charge_mutant_scores,RBM14-FUS,EDKRH(Low)&S(Rich),4,0.881192
low_charge_mutant_scores,RBM14-FUS,EDKRH(Low)&S(Rich),5,0.889546
low_charge_mutant_scores,RBM14-FUS,EDKRH(Low)&S(Rich),6,0.889938
low_charge_mutant_scores,RBM14-FUS,EDKRH(Low)&S(Rich),7,0.926728
low_charge_mutant_scores,RBM14-FUS,EDKRH(Low)&S(Rich),8,0.703899
low_charge_mutant_scores,RBM14-FUS,EDKRH(Low)&S(Rich),9,0.783755
low_charge_mutant_scores,RBM14-FUS,Charged+&S(Rich),1,0.406534
low_charge_mutant_scores,RBM14-FUS,Charged+&S(Rich),2,0.270325
low_charge_mutant_scores,RBM14-FUS,Charged+&S(Rich),3,0.47458
low_charge_mutant_scores,RBM14-FUS,Charged+&S(Rich),4,0.401666
low_charge_mutant_scores,RBM14-FUS,Charged+&S(Rich),5,0.493696
low_charge_mutant_scores,RBM14-FUS,Charged+&S(Rich),6,0.475104
low_charge_mutant_scores,RBM14-FUS,Charged+&S(Rich),7,0.446905
low_charge_mutant_scores,RBM14-FUS,Charged+&S(Rich),8,0.182308
low_charge_mutant_scores,RBM14-FUS,Charged+&S(Rich),9,0.470988
low_charge_mutant_scores,RBM14-FUS,Charged+&S(Rich),10,0.491407
low_charge_mutant_scores,RBM14-NUP98,EDKRH(Low)&S(Rich),1,0.488805
low_charge_mutant_scores,RBM14-NUP98,EDKRH(Low)&S(Rich),2,0.515746
low_charge_mutant_scores,RBM14-NUP98,EDKRH(Low)&S(Rich),3,0.686961
low_charge_mutant_scores,RBM14-NUP98,Charged+&S(Rich),1,0.02952
low_charge_mutant_scores,RBM14-NUP98,Charged+&S(Rich),2,0.182488
low_charge_mutant_scores,RBM14-NUP98,Charged+&S(Rich),3,0.009395
low_charge_mutant_scores,RBM14-NUP98,Charged+&S(Rich),4,-0.076368
low_charge_mutant_scores,RBM14-NUP98,Charged+&S(Rich),5,0.312278
low_charge_mutant_scores,RBM14-NUP98,Charged+&S(Rich),6,0.518052
low_charge_mutant_scores,RBM14-NUP98,Charged+&S(Rich),7,0.05116
low_charge_mutant_scores,RBM14-NUP98,Charged+&S(Rich),8,-0.074246
low_charge_mutant_scores,RBM14-NUP98,Charged+&S(Rich),9,0.206272
low_charge_mutant_scores,RBM14-NUP98,Charged+&S(Rich),10,-0.012522
low_charge_mutant_scores,RBM14-NUP98,Charged+&S(Rich),11,0.002406
low_charge_mutant_scores,RBM14-NUP98,Charged+&S(Rich),12,0.041539
low_charge_mutant_scores,RBM14-NUP98,Charged+&S(Rich),13,0.001035
low_charge_mutant_scores,FUS-NUP98,EDKRH(Low)&S(Rich),1,0.122822
low_charge_mutant_scores,FUS-NUP98,EDKRH(Low)&S(Rich),2,0.046182
low_charge_mutant_scores,FUS-NUP98,EDKRH(Low)&S(Rich),3,0.356797
low_charge_mutant_scores,FUS-NUP98,EDKRH(Low)&S(Rich),4,0.45712
low_charge_mutant_scores,FUS-NUP98,EDKRH(Low)&S(Rich),5,0.310903
low_charge_mutant_scores,FUS-NUP98,Charged+&S(Rich),1,0.894927
low_charge_mutant_scores,FUS-NUP98,Charged+&S(Rich),2,0.82945
low_charge_mutant_scores,FUS-NUP98,Charged+&S(Rich),3,0.833092
low_charge_mutant_scores,FUS-NUP98,Charged+&S(Rich),4,0.891198
low_charge_mutant_scores,FUS-NUP98,Charged+&S(Rich),5,0.852725
low_charge_mutant_scores,FUS-NUP98,Charged+&S(Rich),6,0.889021
low_charge_mutant_scores,FUS-NUP98,Charged+&S(Rich),7,0.684074
low_charge_mutant_scores,FUS-NUP98,Charged+&S(Rich),8,0.783246
low_charge_mutant_scores,FUS-NUP98,Charged+&S(Rich),9,0.865536
low_charge_mutant_scores,FUS-NUP98,Charged+&S(Rich),10,0.713951
low_charge_mutant_scores,FUS-NUP98,Charged+&S(Rich),11,0.876445
low_charge_mutant_scores,FUS-NUP98,Charged+&S(Rich),12,0.799801
low_charge_mutant_scores,FUS-NUP98,Charged+&S(Rich),13,0.744086
low_charge_mutant_scores,FUS-NUP98,Charged+&S(Rich),14,0.697374
low_charge_mutant_scores,FUS-NUP98,Charged+&S(Rich),15,0.678051
low_charge_mutant_scores,FUS-NUP98,Charged+&S(Rich),16,0.661613
