pair,Group,Pearson_r
hnRNPD-TIA1,WT,0.0180058
hnRNPD-TIA1,WT,0.0974128
hnRNPD-TIA1,WT,0.0786574
hnRNPD-TIA1,WT,0.16301
hnRNPD-TIA1,WT,0.112204
hnRNPD-TIA1,WT,0.125547
hnRNPD-TIA1,WT,0.0977573
hnRNPDL-TIA1,WT,0.0281138
hnRNPDL-TIA1,WT,0.108183
hnRNPDL-TIA1,WT,0.0878762
hnRNPDL-TIA1,WT,0.0294187
hnRNPDL-TIA1,WT,-0.0065637
hnRNPDL-TIA1,WT,0.255315
hnRNPDL-TIA1,WT,0.314017
hnRNPDL-hnRNPA3,WT,0.245981
hnRNPDL-hnRNPA3,WT,0.512801
hnRNPDL-hnRNPA3,WT,0.266839
hnRNPDL-hnRNPA3,WT,0.215956
hnRNPDL-hnRNPA3,WT,0.422297
hnRNPAB-hnRNPD,WT,0.318918
hnRNPAB-hnRNPD,WT,0.436913
hnRNPAB-hnRNPD,WT,0.450903
hnRNPAB-hnRNPD,WT,0.289086
hnRNPAB-hnRNPD,WT,0.439743
hnRNPAB-hnRNPD,WT,0.519635
hnRNPDL-TAF15(IDR2),WT,0.110165
hnRNPDL-TAF15(IDR2),WT,0.00731334
hnRNPDL-TAF15(IDR2),WT,0.215817
hnRNPDL-TAF15(IDR2),WT,0.30949
hnRNPDL-TAF15(IDR2),WT,0.318012
hnRNPDL-TAF15(IDR2),WT,0.310855
hnRNPDL-TAF15(IDR2),WT,0.438808
hnRNPDL-TAF15(IDR2),WT,0.110681
hnRNPDL-TAF15(IDR2),WT,0.164314
hnRNPDL-TAF15(IDR2),WT,0.101893
hnRNPD-hnRNPA3,WT,-0.00165658
hnRNPD-hnRNPA3,WT,0.135285
hnRNPD-hnRNPA3,WT,0.189231
hnRNPD-hnRNPA3,WT,0.226383
hnRNPD-hnRNPA3,WT,0.410367
hnRNPD-hnRNPA3,WT,0.38029
TAF15(IDR2)-hnRNPA3,WT,0.610795
TAF15(IDR2)-hnRNPA3,WT,0.501109
TAF15(IDR2)-hnRNPA3,WT,0.68003
TAF15(IDR2)-hnRNPA3,WT,0.563109
hnRNPD-TAF15(IDR2),WT,0.060372
hnRNPD-TAF15(IDR2),WT,-0.0497985
hnRNPD-TAF15(IDR2),WT,-0.04731
hnRNPD-TAF15(IDR2),WT,0.185613
hnRNPD-TAF15(IDR2),WT,0.0617227
hnRNPD-TAF15(IDR2),WT,0.166932
hnRNPD-TAF15(IDR2),WT,0.144654
hnRNPD-TAF15(IDR2),WT,0.121899
hnRNPD-TAF15(IDR2),WT,0.10509
hnRNPAB-TIA1,WT,-0.0609093
hnRNPAB-TIA1,WT,-0.0437459
hnRNPAB-TIA1,WT,-0.0854547
hnRNPAB-TIA1,WT,0.186959
hnRNPAB-TIA1,WT,0.0891041
hnRNPAB-TIA1,WT,0.220452
hnRNPAB-TIA1,WT,0.106077
hnRNPAB-hnRNPA3,WT,0.148672
hnRNPAB-hnRNPA3,WT,0.205797
hnRNPAB-hnRNPA3,WT,0.0745501
hnRNPAB-hnRNPA3,WT,0.270954
hnRNPAB-hnRNPA3,WT,0.081912
hnRNPAB-hnRNPA3,WT,0.0646349
hnRNPAB-hnRNPA3,WT,0.219211
hnRNPAB-hnRNPA3,WT,0.363658
hnRNPAB-hnRNPA3,WT,0.453376
hnRNPA3-TIA1,WT,0.364459
hnRNPA3-TIA1,WT,0.082798
hnRNPA3-TIA1,WT,0.164813
hnRNPA3-TIA1,WT,0.314606
hnRNPA3-TIA1,WT,0.08625
TAF15(IDR2)-TIA1,WT,0.140848
TAF15(IDR2)-TIA1,WT,0.265337
TAF15(IDR2)-TIA1,WT,0.19547
TAF15(IDR2)-TIA1,WT,0.392405
TAF15(IDR2)-TIA1,WT,0.449371
hnRNPD-hnRNPDL,WT,0.550913
hnRNPD-hnRNPDL,WT,0.787968
hnRNPD-hnRNPDL,WT,0.73362
hnRNPD-hnRNPDL,WT,0.960426
hnRNPD-hnRNPDL,WT,0.869177
hnRNPD-hnRNPDL,WT,0.771119
hnRNPAB-TAF15(IDR2),WT,0.173975
hnRNPAB-TAF15(IDR2),WT,0.238218
hnRNPAB-TAF15(IDR2),WT,0.137967
hnRNPAB-TAF15(IDR2),WT,0.432913
hnRNPAB-hnRNPDL,WT,0.138322
hnRNPAB-hnRNPDL,WT,0.298927
hnRNPAB-hnRNPDL,WT,0.422908
hnRNPAB-hnRNPDL,WT,0.291738
hnRNPAB-hnRNPDL,WT,0.427788
hnRNPD-TIA1,S-Blocky,0.701874800896614
hnRNPD-TIA1,S-Blocky,0.697763380502527
hnRNPD-TIA1,S-Blocky,0.702756374907451
hnRNPD-TIA1,S-Blocky,0.634560618852243
hnRNPD-TIA1,S-Blocky,0.506934603609626
hnRNPD-TIA1,S-Blocky,0.7486962982744
hnRNPD-TIA1,S-Blocky,0.878107139690119
hnRNPD-TIA1,S-Blocky,0.437347993558093
hnRNPD-TIA1,S-Blocky,0.191049385903234
hnRNPD-TIA1,S-Blocky,0.202216987355405
hnRNPD-TIA1,S-Blocky,0.580154452053208
hnRNPD-TIA1,S-Blocky,0.690807500775273
hnRNPD-TIA1,S-Blocky,0.711824914180231
hnRNPD-TIA1,S-Blocky,0.285960671610621
hnRNPD-TIA1,S-Blocky,0.449241827438531
hnRNPD-TIA1,S-Blocky,0.624618093691804
hnRNPD-TIA1,S-Blocky,0.668652289343182
hnRNPD-TIA1,S-Blocky,0.517379863953376
hnRNPD-TIA1,S-Blocky,0.581297282241328
hnRNPD-TIA1,S-Blocky,0.430666488620818
hnRNPD-TIA1,S-Blocky,0.374269681886659
hnRNPD-TIA1,S-Blocky,0.860911085605475
hnRNPD-TIA1,S-Blocky,0.814663029890071
hnRNPD-TIA1,S-Blocky,0.779812389982489
hnRNPD-TIA1,S-Blocky,0.312525237584751
hnRNPD-TIA1,S-Blocky,0.708597443406409
hnRNPD-TIA1,S-Blocky,0.708849401658804
hnRNPD-TIA1,S-Blocky,0.74707789186807
hnRNPD-TIA1,S-Blocky,0.488757552557245
hnRNPD-TIA1,S-Blocky,0.206370519898953
hnRNPD-TIA1,S-Blocky,0.617228518350641
hnRNPD-TIA1,S-Blocky,0.946666823658022
hnRNPD-TIA1,S-Blocky,0.268887322304181
hnRNPD-TIA1,S-Blocky,0.613060926764919
hnRNPD-TIA1,S-Blocky,0.89676943998533
hnRNPDL-TIA1,S-Blocky,0.767895187718523
hnRNPDL-TIA1,S-Blocky,0.509128621649237
hnRNPDL-TIA1,S-Blocky,0.765148815699319
hnRNPDL-TIA1,S-Blocky,0.459737166842907
hnRNPDL-TIA1,S-Blocky,0.597081253013447
hnRNPDL-TIA1,S-Blocky,0.52021348388212
hnRNPDL-TIA1,S-Blocky,0.61777372280987
hnRNPDL-TIA1,S-Blocky,0.707144757763193
hnRNPDL-TIA1,S-Blocky,0.410542355275861
hnRNPDL-TIA1,S-Blocky,0.288940750106592
hnRNPDL-TIA1,S-Blocky,0.696689079942172
hnRNPDL-TIA1,S-Blocky,0.434501897532547
hnRNPDL-TIA1,S-Blocky,0.624185450322931
hnRNPDL-TIA1,S-Blocky,0.760920741925714
hnRNPDL-TIA1,S-Blocky,0.718847087649415
hnRNPDL-TIA1,S-Blocky,0.660466029270637
hnRNPDL-TIA1,S-Blocky,0.556973117397313
hnRNPDL-TIA1,S-Blocky,0.883317547132939
hnRNPDL-TIA1,S-Blocky,0.59259420114533
hnRNPDL-TIA1,S-Blocky,0.807998556421116
hnRNPDL-TIA1,S-Blocky,0.367117548802625
hnRNPDL-TIA1,S-Blocky,0.662788310333068
hnRNPDL-TIA1,S-Blocky,0.459125152331168
hnRNPDL-TIA1,S-Blocky,0.662232308877696
hnRNPDL-TIA1,S-Blocky,0.403205151242447
hnRNPDL-TIA1,S-Blocky,0.860524326052287
hnRNPDL-TIA1,S-Blocky,0.675941373929003
hnRNPDL-TIA1,S-Blocky,0.899070993000637
hnRNPDL-TIA1,S-Blocky,0.511303006724812
hnRNPDL-TIA1,S-Blocky,0.474086564028743
hnRNPDL-hnRNPA3,S-Blocky,0.941464922099782
hnRNPDL-hnRNPA3,S-Blocky,0.899518607442708
hnRNPDL-hnRNPA3,S-Blocky,0.393469504519063
hnRNPDL-hnRNPA3,S-Blocky,0.665657143975399
hnRNPDL-hnRNPA3,S-Blocky,0.875873128338031
hnRNPDL-hnRNPA3,S-Blocky,0.940608959568572
hnRNPDL-hnRNPA3,S-Blocky,0.85268831807178
hnRNPDL-hnRNPA3,S-Blocky,0.737692678940408
hnRNPDL-hnRNPA3,S-Blocky,0.495149321164919
hnRNPDL-hnRNPA3,S-Blocky,0.947747616722627
hnRNPDL-hnRNPA3,S-Blocky,0.880585402620657
hnRNPDL-hnRNPA3,S-Blocky,0.882760228655839
hnRNPDL-hnRNPA3,S-Blocky,0.762125238698655
hnRNPDL-hnRNPA3,S-Blocky,0.909358378401856
hnRNPDL-hnRNPA3,S-Blocky,0.814060385106828
hnRNPDL-hnRNPA3,S-Blocky,0.837712615902299
hnRNPDL-hnRNPA3,S-Blocky,0.811423027196935
hnRNPDL-hnRNPA3,S-Blocky,0.739082064664445
hnRNPDL-hnRNPA3,S-Blocky,0.605697324038941
hnRNPDL-hnRNPA3,S-Blocky,0.878056352794351
hnRNPDL-hnRNPA3,S-Blocky,0.874573916173126
hnRNPDL-hnRNPA3,S-Blocky,0.849282871196866
hnRNPDL-hnRNPA3,S-Blocky,0.832599535231321
hnRNPDL-hnRNPA3,S-Blocky,0.634109277149457
hnRNPDL-hnRNPA3,S-Blocky,0.931769671174374
hnRNPDL-hnRNPA3,S-Blocky,0.886725904761336
hnRNPDL-hnRNPA3,S-Blocky,0.53419358957657
hnRNPDL-hnRNPA3,S-Blocky,0.879566710596439
hnRNPDL-hnRNPA3,S-Blocky,0.844893240474043
hnRNPDL-hnRNPA3,S-Blocky,0.846406130167645
hnRNPDL-hnRNPA3,S-Blocky,0.90192271392157
hnRNPDL-hnRNPA3,S-Blocky,0.862898951351122
hnRNPDL-hnRNPA3,S-Blocky,0.436621099240025
hnRNPDL-hnRNPA3,S-Blocky,0.949243530051787
hnRNPAB-hnRNPD,S-Blocky,0.670873021547311
hnRNPAB-hnRNPD,S-Blocky,0.457085543596232
hnRNPAB-hnRNPD,S-Blocky,0.699344916593883
hnRNPAB-hnRNPD,S-Blocky,0.583811174606483
hnRNPAB-hnRNPD,S-Blocky,0.88927332727367
hnRNPAB-hnRNPD,S-Blocky,0.713238939067817
hnRNPAB-hnRNPD,S-Blocky,0.60381351426424
hnRNPAB-hnRNPD,S-Blocky,0.667781994421259
hnRNPAB-hnRNPD,S-Blocky,0.830457516714258
hnRNPAB-hnRNPD,S-Blocky,0.939653522823331
hnRNPAB-hnRNPD,S-Blocky,0.571020003859176
hnRNPAB-hnRNPD,S-Blocky,0.667693719639453
hnRNPAB-hnRNPD,S-Blocky,0.769083166661894
hnRNPAB-hnRNPD,S-Blocky,0.62286742622658
hnRNPAB-hnRNPD,S-Blocky,0.728207767074507
hnRNPAB-hnRNPD,S-Blocky,0.495736770792373
hnRNPAB-hnRNPD,S-Blocky,0.568155516440902
hnRNPAB-hnRNPD,S-Blocky,0.826271316152822
hnRNPAB-hnRNPD,S-Blocky,0.472236572954981
hnRNPAB-hnRNPD,S-Blocky,0.770249904976839
hnRNPAB-hnRNPD,S-Blocky,0.712393252973285
hnRNPAB-hnRNPD,S-Blocky,0.863057166778771
hnRNPAB-hnRNPD,S-Blocky,0.56225344973262
hnRNPAB-hnRNPD,S-Blocky,0.748043722589051
hnRNPAB-hnRNPD,S-Blocky,0.600794388144739
hnRNPAB-hnRNPD,S-Blocky,0.633060445094954
hnRNPAB-hnRNPD,S-Blocky,0.685340200513331
hnRNPAB-hnRNPD,S-Blocky,0.618055991459522
hnRNPAB-hnRNPD,S-Blocky,0.592133571368051
hnRNPAB-hnRNPD,S-Blocky,0.850823425260525
hnRNPAB-hnRNPD,S-Blocky,0.394540951942611
hnRNPAB-hnRNPD,S-Blocky,0.561598368393905
hnRNPAB-hnRNPD,S-Blocky,0.668648218710848
hnRNPAB-hnRNPD,S-Blocky,0.717419731102714
hnRNPAB-hnRNPD,S-Blocky,0.781611893134492
hnRNPAB-hnRNPD,S-Blocky,0.15278044721776
hnRNPAB-hnRNPD,S-Blocky,0.645488341776634
hnRNPDL-TAF15(IDR2),S-Blocky,0.471938608244551
hnRNPDL-TAF15(IDR2),S-Blocky,0.625268682269599
hnRNPDL-TAF15(IDR2),S-Blocky,0.539798699321453
hnRNPDL-TAF15(IDR2),S-Blocky,0.546885077527971
hnRNPDL-TAF15(IDR2),S-Blocky,0.723083756630013
hnRNPDL-TAF15(IDR2),S-Blocky,0.625692086097437
hnRNPDL-TAF15(IDR2),S-Blocky,0.762297315687839
hnRNPDL-TAF15(IDR2),S-Blocky,0.274815548852442
hnRNPDL-TAF15(IDR2),S-Blocky,0.429792276035857
hnRNPDL-TAF15(IDR2),S-Blocky,0.60278134352384
hnRNPDL-TAF15(IDR2),S-Blocky,0.490153642278045
hnRNPDL-TAF15(IDR2),S-Blocky,0.799170540014711
hnRNPDL-TAF15(IDR2),S-Blocky,0.42848479260678
hnRNPDL-TAF15(IDR2),S-Blocky,0.280261639770287
hnRNPDL-TAF15(IDR2),S-Blocky,0.398991976472853
hnRNPDL-TAF15(IDR2),S-Blocky,0.89934282898036
hnRNPDL-TAF15(IDR2),S-Blocky,0.675586425569809
hnRNPDL-TAF15(IDR2),S-Blocky,0.554046098131895
hnRNPDL-TAF15(IDR2),S-Blocky,0.651773803934494
hnRNPDL-TAF15(IDR2),S-Blocky,0.664249030044922
hnRNPDL-TAF15(IDR2),S-Blocky,0.773409797104346
hnRNPDL-TAF15(IDR2),S-Blocky,0.696057798428926
hnRNPDL-TAF15(IDR2),S-Blocky,0.598204019052141
hnRNPDL-TAF15(IDR2),S-Blocky,0.527278838161419
hnRNPDL-TAF15(IDR2),S-Blocky,0.756718570100808
hnRNPDL-TAF15(IDR2),S-Blocky,0.545908563464737
hnRNPDL-TAF15(IDR2),S-Blocky,0.85014822947442
hnRNPDL-TAF15(IDR2),S-Blocky,0.829934386406177
hnRNPDL-TAF15(IDR2),S-Blocky,0.654453458076444
hnRNPDL-TAF15(IDR2),S-Blocky,0.385256787589013
hnRNPDL-TAF15(IDR2),S-Blocky,0.481225482422456
hnRNPDL-TAF15(IDR2),S-Blocky,0.326773763077712
hnRNPD-hnRNPA3,S-Blocky,0.570790216538932
hnRNPD-hnRNPA3,S-Blocky,0.460277675797607
hnRNPD-hnRNPA3,S-Blocky,0.677688670907593
hnRNPD-hnRNPA3,S-Blocky,0.573483211842643
hnRNPD-hnRNPA3,S-Blocky,0.139607192588921
hnRNPD-hnRNPA3,S-Blocky,0.60304092222927
hnRNPD-hnRNPA3,S-Blocky,0.437050995409508
hnRNPD-hnRNPA3,S-Blocky,0.791560836852013
hnRNPD-hnRNPA3,S-Blocky,0.607173885536113
hnRNPD-hnRNPA3,S-Blocky,0.511461132100086
hnRNPD-hnRNPA3,S-Blocky,0.133154314621216
hnRNPD-hnRNPA3,S-Blocky,0.745225685638935
hnRNPD-hnRNPA3,S-Blocky,0.290896888352826
hnRNPD-hnRNPA3,S-Blocky,0.286633115314196
hnRNPD-hnRNPA3,S-Blocky,0.372133345717068
hnRNPD-hnRNPA3,S-Blocky,0.821175106024242
hnRNPD-hnRNPA3,S-Blocky,0.602828687490587
hnRNPD-hnRNPA3,S-Blocky,0.4406304546946
hnRNPD-hnRNPA3,S-Blocky,0.62661306070156
hnRNPD-hnRNPA3,S-Blocky,0.67758491872133
hnRNPD-hnRNPA3,S-Blocky,0.047771647121488
hnRNPD-hnRNPA3,S-Blocky,0.648840641442057
hnRNPD-hnRNPA3,S-Blocky,0.480872839584984
hnRNPD-hnRNPA3,S-Blocky,0.552226181538444
hnRNPD-hnRNPA3,S-Blocky,0.827747818883723
hnRNPD-hnRNPA3,S-Blocky,0.553776474457679
hnRNPD-hnRNPA3,S-Blocky,0.42139057251693
hnRNPD-hnRNPA3,S-Blocky,0.506042098669591
hnRNPD-hnRNPA3,S-Blocky,0.200372769322026
hnRNPD-hnRNPA3,S-Blocky,0.619252146652589
hnRNPD-hnRNPA3,S-Blocky,0.836377579998832
hnRNPD-hnRNPA3,S-Blocky,0.667762412388283
hnRNPD-hnRNPA3,S-Blocky,0.864461832530732
hnRNPD-hnRNPA3,S-Blocky,0.809091555343485
hnRNPD-hnRNPA3,S-Blocky,0.157983145019835
hnRNPD-hnRNPA3,S-Blocky,0.647998768421284
hnRNPD-hnRNPA3,S-Blocky,0.237173576000846
hnRNPD-hnRNPA3,S-Blocky,0.592012734948523
TAF15(IDR2)-hnRNPA3,S-Blocky,0.969009054180493
TAF15(IDR2)-hnRNPA3,S-Blocky,0.879483327371734
TAF15(IDR2)-hnRNPA3,S-Blocky,0.865516086036291
TAF15(IDR2)-hnRNPA3,S-Blocky,0.876356287815251
TAF15(IDR2)-hnRNPA3,S-Blocky,0.872411881211146
TAF15(IDR2)-hnRNPA3,S-Blocky,0.848303816527304
TAF15(IDR2)-hnRNPA3,S-Blocky,0.761368172434445
TAF15(IDR2)-hnRNPA3,S-Blocky,0.92863231420405
TAF15(IDR2)-hnRNPA3,S-Blocky,0.778234175126159
TAF15(IDR2)-hnRNPA3,S-Blocky,0.955088017603256
TAF15(IDR2)-hnRNPA3,S-Blocky,0.88097375495586
TAF15(IDR2)-hnRNPA3,S-Blocky,0.829507899830616
TAF15(IDR2)-hnRNPA3,S-Blocky,0.934891457096351
TAF15(IDR2)-hnRNPA3,S-Blocky,0.817588198156556
TAF15(IDR2)-hnRNPA3,S-Blocky,0.860576755448927
TAF15(IDR2)-hnRNPA3,S-Blocky,0.69030341454676
TAF15(IDR2)-hnRNPA3,S-Blocky,0.922531163007748
TAF15(IDR2)-hnRNPA3,S-Blocky,0.619004181005887
TAF15(IDR2)-hnRNPA3,S-Blocky,0.895879256451319
TAF15(IDR2)-hnRNPA3,S-Blocky,0.900607148733176
TAF15(IDR2)-hnRNPA3,S-Blocky,0.865750759296593
TAF15(IDR2)-hnRNPA3,S-Blocky,0.87055697237314
TAF15(IDR2)-hnRNPA3,S-Blocky,0.795757011024995
TAF15(IDR2)-hnRNPA3,S-Blocky,0.866546768146788
TAF15(IDR2)-hnRNPA3,S-Blocky,0.815792304316224
TAF15(IDR2)-hnRNPA3,S-Blocky,0.697531044657016
TAF15(IDR2)-hnRNPA3,S-Blocky,0.846171635000298
TAF15(IDR2)-hnRNPA3,S-Blocky,0.939554180627618
TAF15(IDR2)-hnRNPA3,S-Blocky,0.939767813611145
TAF15(IDR2)-hnRNPA3,S-Blocky,0.805136570552877
TAF15(IDR2)-hnRNPA3,S-Blocky,0.938467254770271
TAF15(IDR2)-hnRNPA3,S-Blocky,0.864044553318932
TAF15(IDR2)-hnRNPA3,S-Blocky,0.873397349817672
hnRNPD-TAF15(IDR2),S-Blocky,0.526697631433651
hnRNPD-TAF15(IDR2),S-Blocky,0.526304246808278
hnRNPD-TAF15(IDR2),S-Blocky,0.0782144274239172
hnRNPD-TAF15(IDR2),S-Blocky,0.446915233527857
hnRNPD-TAF15(IDR2),S-Blocky,0.287256302051113
hnRNPD-TAF15(IDR2),S-Blocky,0.37873070272993
hnRNPD-TAF15(IDR2),S-Blocky,0.156637080414775
hnRNPD-TAF15(IDR2),S-Blocky,0.148164850856923
hnRNPD-TAF15(IDR2),S-Blocky,0.2636895977624
hnRNPD-TAF15(IDR2),S-Blocky,0.257529187084262
hnRNPD-TAF15(IDR2),S-Blocky,0.0228273194102184
hnRNPD-TAF15(IDR2),S-Blocky,0.020625022361336
hnRNPD-TAF15(IDR2),S-Blocky,-0.0489961824453378
hnRNPD-TAF15(IDR2),S-Blocky,0.345534448739225
hnRNPD-TAF15(IDR2),S-Blocky,0.196532158048416
hnRNPD-TAF15(IDR2),S-Blocky,0.246679337779072
hnRNPD-TAF15(IDR2),S-Blocky,0.327716955801438
hnRNPD-TAF15(IDR2),S-Blocky,0.072258180170761
hnRNPD-TAF15(IDR2),S-Blocky,0.222109848857299
hnRNPD-TAF15(IDR2),S-Blocky,0.0777024317954369
hnRNPD-TAF15(IDR2),S-Blocky,-0.00247731998486048
hnRNPD-TAF15(IDR2),S-Blocky,0.0576803104160008
hnRNPD-TAF15(IDR2),S-Blocky,0.498810828475901
hnRNPD-TAF15(IDR2),S-Blocky,0.0618297973920143
hnRNPD-TAF15(IDR2),S-Blocky,0.353101949420386
hnRNPD-TAF15(IDR2),S-Blocky,0.705428639572174
hnRNPD-TAF15(IDR2),S-Blocky,0.382495007095827
hnRNPD-TAF15(IDR2),S-Blocky,0.191315752830767
hnRNPD-TAF15(IDR2),S-Blocky,0.203839692745407
hnRNPD-TAF15(IDR2),S-Blocky,0.363770443171768
hnRNPD-TAF15(IDR2),S-Blocky,0.410294470193197
hnRNPD-TAF15(IDR2),S-Blocky,0.322018109539888
hnRNPD-TAF15(IDR2),S-Blocky,0.238915587724897
hnRNPAB-TIA1,S-Blocky,0.712878396766857
hnRNPAB-TIA1,S-Blocky,0.372846986666896
hnRNPAB-TIA1,S-Blocky,0.287911378390242
hnRNPAB-TIA1,S-Blocky,0.634819300192978
hnRNPAB-TIA1,S-Blocky,0.424200134210248
hnRNPAB-TIA1,S-Blocky,0.0137440253268589
hnRNPAB-TIA1,S-Blocky,0.0137440253268589
hnRNPAB-TIA1,S-Blocky,0.188782745924421
hnRNPAB-TIA1,S-Blocky,-0.170214688371227
hnRNPAB-TIA1,S-Blocky,0.282896313964802
hnRNPAB-TIA1,S-Blocky,0.65938293052141
hnRNPAB-TIA1,S-Blocky,0.703850611056101
hnRNPAB-TIA1,S-Blocky,0.348733479123398
hnRNPAB-TIA1,S-Blocky,0.429244771909475
hnRNPAB-TIA1,S-Blocky,0.147244222271367
hnRNPAB-TIA1,S-Blocky,0.441124916713681
hnRNPAB-TIA1,S-Blocky,0.153583189067253
hnRNPAB-TIA1,S-Blocky,0.199543193701972
hnRNPAB-TIA1,S-Blocky,0.180424190957131
hnRNPAB-TIA1,S-Blocky,0.02497346475512
hnRNPAB-TIA1,S-Blocky,0.418895963075588
hnRNPAB-TIA1,S-Blocky,0.212406254521531
hnRNPAB-TIA1,S-Blocky,0.607221949749066
hnRNPAB-TIA1,S-Blocky,0.624313103781689
hnRNPAB-TIA1,S-Blocky,0.666280726312315
hnRNPAB-TIA1,S-Blocky,0.787311478193243
hnRNPAB-TIA1,S-Blocky,0.156353970153492
hnRNPAB-TIA1,S-Blocky,0.377781937019802
hnRNPAB-TIA1,S-Blocky,0.696858627881301
hnRNPAB-TIA1,S-Blocky,0.548189138972631
hnRNPAB-TIA1,S-Blocky,0.254336240042058
hnRNPAB-TIA1,S-Blocky,0.279781429249964
hnRNPAB-hnRNPA3,S-Blocky,0.511807839960135
hnRNPAB-hnRNPA3,S-Blocky,0.618305618923371
hnRNPAB-hnRNPA3,S-Blocky,0.387302620460003
hnRNPAB-hnRNPA3,S-Blocky,0.451452602799248
hnRNPAB-hnRNPA3,S-Blocky,0.600729827945638
hnRNPAB-hnRNPA3,S-Blocky,0.150152210457163
hnRNPAB-hnRNPA3,S-Blocky,0.53457060723133
hnRNPAB-hnRNPA3,S-Blocky,0.448003112081046
hnRNPAB-hnRNPA3,S-Blocky,0.51657384064989
hnRNPAB-hnRNPA3,S-Blocky,0.415665604095497
hnRNPAB-hnRNPA3,S-Blocky,0.53426216627512
hnRNPAB-hnRNPA3,S-Blocky,0.540170025618301
hnRNPAB-hnRNPA3,S-Blocky,0.850867061240364
hnRNPAB-hnRNPA3,S-Blocky,0.339875057210542
hnRNPAB-hnRNPA3,S-Blocky,0.207753866387741
hnRNPAB-hnRNPA3,S-Blocky,0.0694451805750796
hnRNPAB-hnRNPA3,S-Blocky,0.493750552571076
hnRNPAB-hnRNPA3,S-Blocky,0.495759412281041
hnRNPAB-hnRNPA3,S-Blocky,0.268580312388476
hnRNPAB-hnRNPA3,S-Blocky,0.823081956787996
hnRNPAB-hnRNPA3,S-Blocky,0.325048422058251
hnRNPAB-hnRNPA3,S-Blocky,0.212378091419496
hnRNPAB-hnRNPA3,S-Blocky,0.326122966059853
hnRNPAB-hnRNPA3,S-Blocky,0.633047897959412
hnRNPAB-hnRNPA3,S-Blocky,0.241844617814626
hnRNPAB-hnRNPA3,S-Blocky,0.193430962587257
hnRNPAB-hnRNPA3,S-Blocky,0.308972503871229
hnRNPAB-hnRNPA3,S-Blocky,0.786587724934979
hnRNPAB-hnRNPA3,S-Blocky,0.287359402691012
hnRNPAB-hnRNPA3,S-Blocky,0.389772168387605
hnRNPAB-hnRNPA3,S-Blocky,0.264874150024732
hnRNPAB-hnRNPA3,S-Blocky,0.106748625421814
hnRNPAB-hnRNPA3,S-Blocky,0.158603731399924
hnRNPA3-TIA1,S-Blocky,0.482228630791801
hnRNPA3-TIA1,S-Blocky,0.175352405139604
hnRNPA3-TIA1,S-Blocky,0.522382131442249
hnRNPA3-TIA1,S-Blocky,0.724195637262356
hnRNPA3-TIA1,S-Blocky,0.548684206648139
hnRNPA3-TIA1,S-Blocky,0.314236645890502
hnRNPA3-TIA1,S-Blocky,0.391724422943004
hnRNPA3-TIA1,S-Blocky,0.203334868893187
hnRNPA3-TIA1,S-Blocky,0.243463531551226
hnRNPA3-TIA1,S-Blocky,0.25189434155438
hnRNPA3-TIA1,S-Blocky,0.16932578692464
hnRNPA3-TIA1,S-Blocky,0.159362998698771
hnRNPA3-TIA1,S-Blocky,0.141440524140306
hnRNPA3-TIA1,S-Blocky,0.263708161469558
hnRNPA3-TIA1,S-Blocky,0.369935566020202
hnRNPA3-TIA1,S-Blocky,0.390729645037675
hnRNPA3-TIA1,S-Blocky,0.164228592236248
hnRNPA3-TIA1,S-Blocky,0.213258553663503
hnRNPA3-TIA1,S-Blocky,0.638537254407706
hnRNPA3-TIA1,S-Blocky,0.784903417743942
hnRNPA3-TIA1,S-Blocky,0.588421050381684
hnRNPA3-TIA1,S-Blocky,0.388606914096889
hnRNPA3-TIA1,S-Blocky,0.381258239013551
TAF15(IDR2)-TIA1,S-Blocky,0.661949317898013
TAF15(IDR2)-TIA1,S-Blocky,0.660155924008815
TAF15(IDR2)-TIA1,S-Blocky,0.360150283383704
TAF15(IDR2)-TIA1,S-Blocky,0.30306880793418
TAF15(IDR2)-TIA1,S-Blocky,0.509564951858624
TAF15(IDR2)-TIA1,S-Blocky,0.277830626314626
TAF15(IDR2)-TIA1,S-Blocky,0.38066027050407
TAF15(IDR2)-TIA1,S-Blocky,0.637988854681145
TAF15(IDR2)-TIA1,S-Blocky,0.559173324158372
TAF15(IDR2)-TIA1,S-Blocky,0.554806042709621
TAF15(IDR2)-TIA1,S-Blocky,0.487977488188518
TAF15(IDR2)-TIA1,S-Blocky,0.437981396539334
TAF15(IDR2)-TIA1,S-Blocky,0.237320904897747
TAF15(IDR2)-TIA1,S-Blocky,0.515450474890076
TAF15(IDR2)-TIA1,S-Blocky,0.226964580809943
TAF15(IDR2)-TIA1,S-Blocky,0.57672597747385
TAF15(IDR2)-TIA1,S-Blocky,0.679457287470071
TAF15(IDR2)-TIA1,S-Blocky,0.187235980393845
TAF15(IDR2)-TIA1,S-Blocky,0.569611324621937
TAF15(IDR2)-TIA1,S-Blocky,0.656375372352639
TAF15(IDR2)-TIA1,S-Blocky,0.394260153522323
TAF15(IDR2)-TIA1,S-Blocky,0.0891704339922987
TAF15(IDR2)-TIA1,S-Blocky,0.483937232152848
TAF15(IDR2)-TIA1,S-Blocky,0.325968787388978
TAF15(IDR2)-TIA1,S-Blocky,0.301232891015226
hnRNPD-hnRNPDL,S-Blocky,0.799065657869574
hnRNPD-hnRNPDL,S-Blocky,0.57549511855702
hnRNPD-hnRNPDL,S-Blocky,0.350457495054115
hnRNPD-hnRNPDL,S-Blocky,0.843946815833283
hnRNPD-hnRNPDL,S-Blocky,0.461193456070061
hnRNPD-hnRNPDL,S-Blocky,0.745586732134315
hnRNPD-hnRNPDL,S-Blocky,0.706257941675528
hnRNPD-hnRNPDL,S-Blocky,0.612686235695539
hnRNPD-hnRNPDL,S-Blocky,0.603238240232068
hnRNPD-hnRNPDL,S-Blocky,0.344488336288735
hnRNPD-hnRNPDL,S-Blocky,0.374716067831727
hnRNPD-hnRNPDL,S-Blocky,0.578039373617326
hnRNPD-hnRNPDL,S-Blocky,0.486328204946561
hnRNPD-hnRNPDL,S-Blocky,0.478933645428995
hnRNPD-hnRNPDL,S-Blocky,0.475874422096684
hnRNPD-hnRNPDL,S-Blocky,0.762455780582687
hnRNPD-hnRNPDL,S-Blocky,0.190271690345891
hnRNPD-hnRNPDL,S-Blocky,0.881341750327561
hnRNPD-hnRNPDL,S-Blocky,0.122062024522847
hnRNPD-hnRNPDL,S-Blocky,0.698424441058704
hnRNPD-hnRNPDL,S-Blocky,0.931205861612029
hnRNPD-hnRNPDL,S-Blocky,0.930204584828923
hnRNPAB-TAF15(IDR2),S-Blocky,0.083016544675774
hnRNPAB-TAF15(IDR2),S-Blocky,0.142001539414538
hnRNPAB-TAF15(IDR2),S-Blocky,0.688430586344219
hnRNPAB-TAF15(IDR2),S-Blocky,0.257076843205852
hnRNPAB-TAF15(IDR2),S-Blocky,0.20758649894904
hnRNPAB-TAF15(IDR2),S-Blocky,0.446957348645515
hnRNPAB-TAF15(IDR2),S-Blocky,0.619124612319402
hnRNPAB-TAF15(IDR2),S-Blocky,0.180399618825923
hnRNPAB-TAF15(IDR2),S-Blocky,0.114686307288296
hnRNPAB-TAF15(IDR2),S-Blocky,0.124401504098824
hnRNPAB-TAF15(IDR2),S-Blocky,0.579852879743102
hnRNPAB-TAF15(IDR2),S-Blocky,0.568801283382429
hnRNPAB-TAF15(IDR2),S-Blocky,0.65828567937463
hnRNPAB-TAF15(IDR2),S-Blocky,0.22436146581807
hnRNPAB-TAF15(IDR2),S-Blocky,0.627910045883475
hnRNPAB-TAF15(IDR2),S-Blocky,0.556412259668417
hnRNPAB-TAF15(IDR2),S-Blocky,0.554370830054073
hnRNPAB-TAF15(IDR2),S-Blocky,0.626420676192234
hnRNPAB-TAF15(IDR2),S-Blocky,0.431468698751125
hnRNPAB-TAF15(IDR2),S-Blocky,0.77247085025515
hnRNPAB-TAF15(IDR2),S-Blocky,0.429268513614662
hnRNPAB-TAF15(IDR2),S-Blocky,0.346371706964651
hnRNPAB-TAF15(IDR2),S-Blocky,0.44960370323838
hnRNPAB-TAF15(IDR2),S-Blocky,0.576304315973899
hnRNPAB-TAF15(IDR2),S-Blocky,0.572701048369565
hnRNPAB-TAF15(IDR2),S-Blocky,0.437718815598171
hnRNPAB-TAF15(IDR2),S-Blocky,0.162088692106704
hnRNPAB-TAF15(IDR2),S-Blocky,0.925439415618702
hnRNPAB-TAF15(IDR2),S-Blocky,0.290422062610704
hnRNPAB-TAF15(IDR2),S-Blocky,0.385015754680391
hnRNPAB-TAF15(IDR2),S-Blocky,0.423680194615328
hnRNPAB-TAF15(IDR2),S-Blocky,0.312314885132348
hnRNPAB-TAF15(IDR2),S-Blocky,0.408975891667174
hnRNPAB-TAF15(IDR2),S-Blocky,0.0981800276004116
hnRNPAB-TAF15(IDR2),S-Blocky,0.593021191471931
hnRNPAB-TAF15(IDR2),S-Blocky,0.162465219173793
hnRNPAB-TAF15(IDR2),S-Blocky,0.485960996979325
hnRNPAB-TAF15(IDR2),S-Blocky,0.347417882601454
hnRNPAB-TAF15(IDR2),S-Blocky,0.404542153211273
hnRNPAB-hnRNPDL,S-Blocky,0.334537286608178
hnRNPAB-hnRNPDL,S-Blocky,0.448237861524172
hnRNPAB-hnRNPDL,S-Blocky,0.61756119411438
hnRNPAB-hnRNPDL,S-Blocky,0.487818750393989
hnRNPAB-hnRNPDL,S-Blocky,0.430667749546213
hnRNPAB-hnRNPDL,S-Blocky,0.420007170159264
hnRNPAB-hnRNPDL,S-Blocky,0.474063198112107
hnRNPAB-hnRNPDL,S-Blocky,0.443694161120858
hnRNPAB-hnRNPDL,S-Blocky,0.259328493846584
hnRNPAB-hnRNPDL,S-Blocky,0.546115871768984
hnRNPAB-hnRNPDL,S-Blocky,0.597266178355923
hnRNPAB-hnRNPDL,S-Blocky,0.785338626550922
hnRNPAB-hnRNPDL,S-Blocky,0.106922403868158
hnRNPAB-hnRNPDL,S-Blocky,0.246023056260464
hnRNPAB-hnRNPDL,S-Blocky,0.333139091738976
hnRNPAB-hnRNPDL,S-Blocky,0.45859104341482
hnRNPAB-hnRNPDL,S-Blocky,0.395744835444697
hnRNPAB-hnRNPDL,S-Blocky,0.828305379336307
hnRNPAB-hnRNPDL,S-Blocky,0.533836793424152
hnRNPAB-hnRNPDL,S-Blocky,0.584687059650639
hnRNPAB-hnRNPDL,S-Blocky,0.45888990701332
hnRNPAB-hnRNPDL,S-Blocky,0.154147544130484
hnRNPAB-hnRNPDL,S-Blocky,0.508344247207254
hnRNPAB-hnRNPDL,S-Blocky,0.0752935426208952
hnRNPAB-hnRNPDL,S-Blocky,0.155392564109272
hnRNPAB-hnRNPDL,S-Blocky,0.572368221923263
hnRNPAB-hnRNPDL,S-Blocky,0.46368843307274
hnRNPAB-hnRNPDL,S-Blocky,0.703867407779307
hnRNPAB-hnRNPDL,S-Blocky,0.628176019150234
hnRNPAB-hnRNPDL,S-Blocky,0.181070621684552
hnRNPAB-hnRNPDL,S-Blocky,0.191962445975063
hnRNPAB-hnRNPDL,S-Blocky,0.189573490868586
